uei,name,sub_parent_uei,dollars,records,programs,foreign
F8PEZKXES8B1,BLUEFORGE ALLIANCE,,4173270883.11,8,ddg,
LCV2N9FVV739,NORTHROP GRUMMAN SYSTEMS CORPORATION,NKVZLJL93QT6,2046023086.41,128,ddg,
GXPHJRVG9MR7,"DRS POWER & CONTROL TECHNOLOGIES, INC.",W8PTMRME1496,520882112.22,278,ddg,
HLVBPCA2LH41,Rolls-Royce Marine North America Inc.,F32RBQ3CHAG9,459522480.61,132,ddg,
WYDAKCJ5K219,CURTISS-WRIGHT ELECTRO-MECHANICAL CORPORATION,PF8PJNVEPTJ1,378344585.14,216,ddg,
N1PJDANWUJ61,SCOT FORGE COMPANY,N1PJDANWUJ61,355371463.51,758,ddg,
YNJNTZWVC3H6,BAE SYSTEMS LAND & ARMAMENTS L.P.,E5K9VR2A1MW9,333523184.93,30,ddg,
J1T1FEN3PWX6,GENERAL ELECTRIC COMPANY,J1T1FEN3PWX6,333092746.60,28,ddg,
SLD5KEGGLLZ3,"JOHNSON CONTROLS NAVY SYSTEMS, LLC",XEQ3L57D2J24,299690166.01,97,ddg,
WJYVCPD5HKK7,"BWXT NUCLEAR OPERATIONS GROUP, INC.",CMT4S6G76QB5,289874121.85,15,ddg,
E8LNMDLEKM35,D.C. FABRICATORS INC.,,255017223.64,66,ddg,
DK2SLQURMJF3,BABCOCK MARINE (ROSYTH) LIMITED,TJLYWEFN1YR8,240485509.84,20,ddg,Y
FLDEFFBLR5P3,"GLOBE COMPOSITE SOLUTIONS, LTD., LIMITED PARTNERSHIP",SFBKRA9THBA3,218319422.91,114,ddg,
YD1GK53355R5,"PRECISION CUSTOM COMPONENTS, LLC",,211351009.86,85,ddg,
J3AFGKXWYK73,YORK INTERNATIONAL CORPORATION,XEQ3L57D2J24,192134506.59,60,ddg,
FZPYZ11SFNA6,TIMKEN GEARS & SERVICES INC.,H4FZBFXLJ636,169173617.00,8,ddg,
HNAECT5M9TM4,"SOCAIL, LDA",,151352010.33,10,ddg,Y
KENVPMBVBT39,"RHOADS METAL FABRICATIONS, INC.",KENVPMBVBT39,141905342.68,73,ddg,
JEP5GQGFPUL9,PORTLAND VALVE LLC,L8T4R3N7ACL6,139709774.35,233,ddg,
NYGUEDY27AM8,CURTISS-WRIGHT FLOW CONTROL CORPORATION,PF8PJNVEPTJ1,131642290.14,198,ddg,
JKZNKGGWYZ87,CURTISS-WRIGHT ELECTRO-MECHANICAL CORPORATION,J9V9SJL4CW97,129323586.92,40,ddg,
PQGNEEY9W5M3,Northrop Grumman Systems Corporation,NKVZLJL93QT6,123942075.03,80,ddg,
SX6BF52K2WB1,VACCO INDUSTRIES,SFBKRA9THBA3,109425983.04,92,ddg,
ZW3UMG9YVNA9,L-3 COMMUNICATIONS WESTWOOD CORPORATION,SJULQDJ8NZU7,109142145.67,137,ddg,
PAH8M4BJACA5,"TELEDYNE INSTRUMENTS, INC.",SQ2DSCE69F15,105454106.86,252,ddg,
F42BKS7EHCL8,EMS DEVELOPMENT CORPORATION,SCWYXXK1EM13,104399732.92,87,ddg,
WMXDDH6HJNA5,HUNTINGTON INGALLS INCORPORATED,F9SDJAZFTLG6,104053627.00,16,ddg,
G9HKMXL5L973,"OIL STATES INDUSTRIES, INC",XFMBL7A963X9,103397591.36,117,ddg,
FK17Z7DJWLL1,Apco Technologies SA,FK17Z7DJWLL1,102859091.00,72,ddg,Y
F2LEAK3EK9R3,THE GRAHAM CORPORATION,F2LEAK3EK9R3,89120347.06,28,ddg,
QGB4RDYJNJT9,ELLWOOD NATIONAL FORGE COMPANY,SVXNHLLWX953,88144963.51,18,ddg,
RG6LJJM6JBS3,"AUSTAL USA, LLC",UCWYBGRA11H1,87555353.98,24,ddg,
XQW8RJNNAXX8,"W INTERNATIONAL, LLC",XQW8RJNNAXX8,85672809.54,106,ddg,
DJG7NEG7QRK5,"HUNT VALVE COMPANY, INC.",FBJ9NCJE2J56,85406601.09,298,ddg,
LSMBJZFLN8L9,ROSYTH ROYAL DOCKYARD LIMITED,,83981942.83,5,ddg,Y
CFXRGJSB9UB6,"SPD ELECTRICAL SYSTEMS, INC",SJULQDJ8NZU7,82395953.59,39,ddg,
QLJZVM6XKR71,"TRAINING MODERNIZATION GROUP, INC.",,77032116.00,7,ddg,
KYURG7LRSC89,CIRCOR NAVAL SOLUTIONS LLC,L8T4R3N7ACL6,75653517.99,78,ddg,
Y6X3BDLEPNJ6,"W INTERNATIONAL SC, LLC",,75424259.46,37,ddg,
VJMTKNLENX24,ENGINEERED COIL COMPANY,W8PTMRME1496,73741013.67,147,ddg,
Q35JL9GFCAK3,"MAROTTA CONTROLS, INC.",Q35JL9GFCAK3,73146296.55,222,ddg,
Z89SS59265U9,ESPEY MFG. & ELECTRONICS CORP.,Z89SS59265U9,71588027.01,133,ddg,
CBMZJ3Z5SC89,GOODRICH CORPORATION,PPLZG8J3N9D4,66936184.88,69,ddg,
WJ45NXW2TVD7,MOOG INC.,L4ZMKLM4MPL3,66611497.67,120,ddg,
MMCKJNNMSG23,"ADVANCE MFG.CO., INC.",MMCKJNNMSG23,65064895.08,321,ddg,
EDNNTCM7SUS8,"INTERNATIONAL MARINE AND INDUSTRIAL APPLICATORS, LLC",EDNNTCM7SUS8,64397666.39,83,ddg,
CPHLNLBGWFN5,DRS NAVAL POWER SYSTEMS INC,W8PTMRME1496,59793884.52,18,ddg,
MSYWUDGYPKF5,"CP INDUSTRIES HOLDINGS, INC.",MJJNGNB5E3Q4,57863848.27,53,ddg,
WREEAHYMRQ45,"PCB PIEZOTRONICS, INC.",PVMFSLG6GFF7,57493899.40,31,ddg,
TZVRTYNM3MN3,PEGASUS STEEL LLC,,57341761.41,112,ddg,
V1MQFNQB56Z5,RIX INDUSTRIES,V1MQFNQB56Z5,54538109.41,69,ddg,
DK14KTLXA9M5,"KME AMERICA MARINE TUBE & FITTING, LLC",DK14KTLXA9M5,54465330.28,331,ddg,
CMT4S6G76QB5,"BWX TECHNOLOGIES, INC.",CMT4S6G76QB5,52661800.00,6,ddg,
NN7PCHZFNZP8,GOODWIN STEEL CASTINGS LIMITED,GL28JS5V3DL3,51474259.43,29,ddg,Y
N5KMLMXEPFM5,PARKER-HANNIFIN CORPORATION,W138B61KN3Q7,48860571.81,50,ddg,
HLVNZXU8EAM1,POWER PARAGON INC,DTZJAQF8NZA1,48618683.71,62,ddg,
QNEXJLA47BM4,"JAMESTOWN METAL MARINE SALES, INC.",QNEXJLA47BM4,45017331.68,114,ddg,
K3XPS1HXNBF3,"B & F MACHINE COMPANY, INC.",K3XPS1HXNBF3,40891145.48,275,ddg,
NEGFNA8YS723,"ALLARD NAZARIAN GROUP, INC.",NEGFNA8YS723,40471452.41,32,ddg,
PTMFLMD2CUB4,"L3 TECHNOLOGIES, INC.",XXP4PLFFFGK9,39585015.48,65,ddg,
YELYMYLF82L9,"LAKE SHORE SYSTEMS, INC.",YELYMYLF82L9,39369116.12,99,ddg,
JA2KCX21NL48,"WARTSILA DEFENSE, INC.",GCWKULHML2S3,39280708.03,84,ddg,
LJRBXLTGXN57,"CEPEDA ASSOCIATES, INC.",,37860406.36,68,ddg,
N79NY6FRL2F3,CUSTOM ALLOY CORPORATION,N79NY6FRL2F3,37560243.67,150,ddg,
JRUCKDSNXKD5,THE ENTWISTLE COMPANY LLC,LNGAZMTYJPL3,37486158.23,98,ddg,
SSD8KRDXKG46,"THE HILLER COMPANIES, LLC",MX63C2VRKCJ6,36673685.61,59,ddg,
MSFLXVQVJMG4,"PEERLESS INSTRUMENT CO., INC.",PF8PJNVEPTJ1,36671594.40,49,ddg,
VL18ZH6YLPY5,"DRS NAVAL POWER SYSTEMS, INC.",W8PTMRME1496,36064690.83,4,ddg,
GZ57A195G7K6,WAUKESHA BEARINGS CORPORATION,JBMKQ8ZH6FN9,35675634.00,17,ddg,
WUDSRNBSYC17,"ERIE FORGE AND STEEL, INC.",,35598422.98,9,ddg,
PUG1H9MFJD63,"AMERICAN TANK & FABRICATING CO, THE",PUG1H9MFJD63,35259795.00,75,ddg,
UHXFGP3DCRK7,"HANSOME ENERGY SYSTEMS, INC.",UHXFGP3DCRK7,35228703.00,22,ddg,
MU3CM1145E44,PROGENY SYSTEMS CORPORATION,MU3CM1145E44,34894132.46,38,ddg,
WN1PJNXJJ831,"TAYLOR FORGE ENGINEERED SYSTEMS, INC.",WN1PJNXJJ831,33359468.00,4,ddg,
RLXQHCXFT513,CUNICO CORPORATION,VDSCUPC2H3K7,32953574.20,79,ddg,
MC77SUMRLXY5,"MILWAUKEE VALVE COMPANY, INC.",MC77SUMRLXY5,32094185.53,189,ddg,
F8M5LJA6LJL4,"SARGENT AEROSPACE & DEFENSE, LLC",LC7UN8MJYCJ7,31618565.27,50,ddg,
QKJUKKE5WPA8,GULF COPPER & MANUFACTURING CORPORATION,,31589257.01,17,ddg,
LM35HWEVUPH3,ADI TECHNOLOGIES INC.,KN4DLHTLNCS8,31566711.75,28,ddg,
HLE1E2KALJA5,"POWER PARAGON, INC.",SJULQDJ8NZU7,31354153.48,43,ddg,
M4ELQDG7JLM5,"BUFFALO PUMPS, INC.",XE6GMDJNHQT7,31039020.04,39,ddg,
KCYPSYNH1M94,US JOINER LLC,KN4DLHTLNCS8,30924048.75,92,ddg,
XYNDM1Y7XGG7,AMERICAN METAL BEARING COMPANY,PM2FDF7CCNC2,30716659.98,44,ddg,
TY25RCEB5FF3,"COLLINS & JEWELL COMPANY, INC.",TY25RCEB5FF3,30276761.49,150,ddg,
JG6AMW7E23Z6,C. H. POWELL COMPANY,JG6AMW7E23Z6,30220891.32,6,ddg,
J645RTMFWMW1,"MAXIM EVAPORATORS OF AMERICA, LLC",,29906676.48,22,ddg,
MAENKG4UJLK8,LOCKHEED MARTIN CORPORATION,ZFN2JJXBLZT3,29314650.00,7,ddg,
K294P4QJHFU9,"MW JONES & COMPANY, INC.",,28458832.80,10,ddg,
F76KN7T9YP64,WAUKESHA BEARINGS CORPORATION,Z43PV7K61YL4,28271585.72,19,ddg,
GJNEBDUDNTA1,"EURO MACHINERY SPECIALISTS, INC",GJNEBDUDNTA1,28124701.00,7,ddg,
X6N2CNV552X7,"OCEANEERING INTERNATIONAL, INC.",XBVZKN1HH445,27906272.10,109,ddg,
WSK3WRSGKAU1,ALFA LAVAL INC.,SQRKBV7ET8S9,27393928.43,25,ddg,
MKXMUFJJYLY5,WARD LEONARD CT LLC,CMANNFGEFNP6,26650988.96,50,ddg,
FCK2D4PSV1L2,DOVER PUMPS & PROCESS SOLUTIONS SEGMENT INC,FCK2D4PSV1L2,26625903.56,75,ddg,
LL3PZJHUKZV3,AMERICAN STEEL AND ALUMINUM LLC,KTSAL8YX2QQ5,26261318.19,63,ddg,
HUK5MJK4MH39,"LESLIE CONTROLS, INC.",GU5YDKH7GPF1,25435611.96,94,ddg,
JW6PXX1WALN4,HOWDEN NORTH AMERICA INC,FPCZK4D8LXU5,25425882.63,45,ddg,
LR2HQKYJLDZ7,ESI ACQUISITION CORP.,LR2HQKYJLDZ7,24815363.35,120,ddg,
KNEFNMWXBK39,JO-KELL INC.,KNEFNMWXBK39,24733320.83,187,ddg,
C9C6HPQLL4A8,CATERPILLAR INC.,N9K8Y7U3RGA9,23641905.35,28,ddg,
U23DM4ULNLS3,BAE SYSTEMS JACKSONVILLE SHIP REPAIR LLC,HPDLRXR4FYX5,23483999.41,5,ddg,
FGNQE3RF1FK5,"MORPAC INDUSTRIES, INC",FGNQE3RF1FK5,23333483.67,34,ddg,
E9DKKLZNCQS9,Trident Maritime Systems UK Limited,E9DKKLZNCQS9,22453880.24,21,ddg,Y
E84NNWLU6RK3,HAMILL MANUFACTURING COMPANY,,22285090.00,7,ddg,
LB1XJ5UY5961,IMO INDUSTRIES INC.,L8T4R3N7ACL6,22255855.47,26,ddg,
QNF5KM7YJSN7,"Southcoast Welding & Manufacturing, LLC.",,21995779.77,82,ddg,
WVW5FMYALEL6,"PLAINVILLE ELECTRICAL PRODUCTS COMPANY, THE",,21905910.40,24,ddg,
SKKACASET588,DYNALEC CORPORATION,SKKACASET588,21678093.86,233,ddg,
DA1PDLWQ7BH4,BEAST CODE LLC,X6JCC78FMY25,21364123.40,33,ddg,
GLU5BML5XQK2,Romey Paul Ventures LLC,,20920427.00,10,ddg,
QCFDU4MA1444,A/Z CORPORATION,QCFDU4MA1444,20446792.63,98,ddg,
CW48SQ7KJX68,"CRAFT MACHINE WORKS, INC.",CW48SQ7KJX68,19982080.24,58,ddg,
GUD4TJE3FN31,CIRCOR PUMPS NORTH AMERICA LLC,GU5YDKH7GPF1,19331832.14,13,ddg,
NTREK31GP8N3,KSARIA CORPORATION,NTREK31GP8N3,18930288.93,57,ddg,
G319AMB56SW5,"901 D, LLC",WLEATDDTMCT3,18825190.01,113,ddg,
G78MQ69BN636,AIRCRAFT APPLIANCES AND EQUIPMENT LIMITED,KN4DLHTLNCS8,18771227.87,84,ddg,Y
C256E427Q518,"DELTAK MANUFACTURING, INC.",,18679933.72,6,ddg,
MF1LU8RPCMB8,"RANOR, INC.",UMMDFSB4ARJ7,18418171.59,106,ddg,
FMC8BKMNMKF2,"FLUID CONDITIONING PRODUCTS, INC.",FMC8BKMNMKF2,18342363.90,108,ddg,
MEMSWT1LFU18,JERED LLC,C6CLJKP7D441,18071181.61,38,ddg,
JK4WJKLD44G9,"METALTEK INTERNATIONAL, INC.",JK4WJKLD44G9,17340090.52,74,ddg,
JKPCAKFW8X93,AMERICAST TECHNOLOGIES INC,FLU4K8MGMZX7,17000719.11,28,ddg,
HLFDNJU7KXJ1,BOGUE SYSTEMS INC,JCBMC726D155,16949604.55,54,ddg,
F1UZPBD1VBH9,"LYME COMPUTER SYSTEMS, INC.",F1UZPBD1VBH9,16841430.72,127,ddg,
H11HD5VHGHN3,LOCKHEED MARTIN CORPORATION,ZFN2JJXBLZT3,16619921.30,21,ddg,
XDF1FRDG8KK4,"FOSTER-MILLER, INC.",LL4CVJVLBGN1,16420820.41,23,ddg,
HYGLK2BNFKB3,MTU AMERICA INC.,VE65QFAKCLG7,15817611.47,9,ddg,
LCZDJ6YPNYG6,"MARTIN ENERGY SERVICES, LLC",CNNMP74968J4,15590348.84,27,ddg,
WXRTZLL25AE5,"SEEMANN COMPOSITES, INC.",WXRTZLL25AE5,15424126.70,36,ddg,
LPWJLN5JQPW4,SHEFFIELD FORGEMASTERS ENGINEERING LIMITED,H6VQAAGPA1J1,15209127.99,5,ddg,Y
N5BYYW3MMFP7,"HUTCHINSON AEROSPACE & INDUSTRY, INC.",ZVFUENFF77T1,15120356.00,19,ddg,
ELC5EVMWFVM8,"LAKE SHORE SYSTEMS, INC.",YELYMYLF82L9,14997666.94,69,ddg,
ZFQBUPK552C3,"H. R. HILLERY COMPANY, THE",,14811021.74,104,ddg,
W3KUJLTCRLV1,AMMCON CORP.,W3KUJLTCRLV1,14578730.71,213,ddg,
PJRYS7EFXQD9,"B.N.L. INDUSTRIES, INC.",,14539872.36,131,ddg,
GE4GA2B9JYF9,"MERRILL TECHNOLOGIES GROUP, INC.",,14403454.98,55,ddg,
D7HNEN3DAN36,LEHIGH HEAVY FORGE CORP,CDVZLNCU7Z44,14373603.34,21,ddg,
WESDY4U81NP8,"TRIDENT MARITIME SYSTEMS - CAC, LLC",WESDY4U81NP8,13602645.07,75,ddg,
HW4GNCTLLAM4,GENERAL ATOMICS,NGTNPRCG6BE1,13538118.00,1,ddg,
V8HGGNTGDH59,PEERLESS MFG CO,VBRHLB2HLEM4,13496231.98,17,ddg,
LGL1LNBH8KM5,"GRISWOLD INDUSTRIES, CO.",LGL1LNBH8KM5,13374879.95,102,ddg,
QVJEVJHK3G31,"AGGREKO, LLC",HC6YKKPYB658,13325035.69,92,ddg,
DWUHNL9BC3U7,"HOWELL LABORATORIES, INC.",DWUHNL9BC3U7,13050144.27,38,ddg,
KLDTZDR12ZB7,JUNIPER ELBOW CO. INC.,KLDTZDR12ZB7,12825208.29,70,ddg,
EVZMB1757DW5,"STEELFAB, INC.",EVZMB1757DW5,12715202.05,8,ddg,
TZLXM3NCC7D1,EXIDE TECHNOLOGIES,M7B8XCG21XV3,12673252.44,3,ddg,
WPP2ABN6UCF5,"L3 TECHNOLOGIES, INC.",SJULQDJ8NZU7,12640416.67,58,ddg,
LG88NCWJ3A95,"YOUNG ENGINEERING & MANUFACTURING, INC.",LG88NCWJ3A95,12629103.32,29,ddg,
H4ZMPGLLZ8D9,"ARTCRAFT FABRICATORS, INC.",H4ZMPGLLZ8D9,12210901.57,14,ddg,
R9EYKGK8NKA5,"NUFLO, INC.",,11952116.35,15,ddg,
ZFNUGJEGR2Q9,INGERSOLL MACHINE TOOLS INC,SHDVJS6DKEX1,11916944.00,1,ddg,
NVPEBL51CSF8,"GUILL TOOL & ENGINEERING CO, INC.",,11767797.47,179,ddg,
RYRLL49HWN65,BAKER SHEET METAL CORPORATION,RYRLL49HWN65,11743097.00,60,ddg,
MKDGDE6K34N5,"D. W. CLARK, INC",MKDGDE6K34N5,11539718.34,58,ddg,
Y7N4SPXNK115,ARCELORMITTAL USA LLC,W67WSNENMZF7,11510998.86,31,ddg,
ENNXJDZUYCK3,MARMON AEROSPACE & DEFENSE LLC,UU26FKF1MML6,11504541.00,1,ddg,
FLMQAKFEMG64,INDEECO LLC,DTCND1MN7J15,11174277.26,61,ddg,
FWF8QBPCGLG3,GENERAL TOOL COMPANY,FWF8QBPCGLG3,11051466.23,61,ddg,
N6P1AGPMV456,EVAC NORTH AMERICA INC.,XJXYXCZL36Z4,10902477.17,32,ddg,
JU2ME5ZK8VL3,"MMC METROLOGY LAB, INC",,10846596.00,110,ddg,
DXM3GSLGH2Z5,"FAIRLEAD INTEGRATED, LLC",DXM3GSLGH2Z5,10799488.12,21,ddg,
DQ35GXAUTW61,INDUSTRIAL CORROSION CONTROL INC,DQ35GXAUTW61,10790594.79,41,ddg,
E3YNKWRANZ18,"AQUA-CHEM, INC.",E3YNKWRANZ18,10773465.92,21,ddg,
ZA1KMNAJMVT3,Surface Technologies Corporation,ZA1KMNAJMVT3,10670004.75,43,ddg,
UMQ8KHJJUBN6,"KOIKE ARONSON, INC.",R769GJRQF618,10622193.00,13,ddg,
TSCZLHCGNQ53,FACET (OKLAHOMA) LLC,SFBKKM3ZYN48,10453793.35,32,ddg,
GL8XT6HAWLK1,BHI ENERGY I POWER SERVICES LLC,GL8XT6HAWLK1,10408689.27,12,ddg,
C1B6X8AADFB1,"COMSACO, INC.",,10135576.00,41,ddg,
CN4DJZSKM3Y3,"PENNSYLVANIA MACHINE WORKS, INC.",CN4DJZSKM3Y3,10109957.21,208,ddg,
HSV2N9ACRTJ6,PENTAIR VALVES & CONTROLS US LP,K9M4XM134HW6,10047560.00,121,ddg,
QYKAR7MJJXL7,MEGGITT SAFETY SYSTEMS INC,PLYSMJBAYE42,10002726.33,16,ddg,
GR2CKSBB4MB5,LENAPE FORGED PRODUCTS CORP,,9987951.00,59,ddg,
EV4ZGUNNKMJ6,"PACIFIC SHIP REPAIR & FABRICATION, INC.",EV4ZGUNNKMJ6,9916983.38,56,ddg,
JAXJSTJJSP74,"RTX BBN TECHNOLOGIES, INC.",EGAVSJTA2D81,9882942.98,10,ddg,
RMLGMBGNPCC8,KINGSBURY INC.,RMLGMBGNPCC8,9869286.18,20,ddg,
J8PKNJEX2MS2,"LOCKWOOD BROTHERS, INC.",,9812476.39,17,ddg,
Z19UP1U6FMT1,INDUSTRIAL TRANSFER AND STORAGE INC.,Z19UP1U6FMT1,9687294.31,34,ddg,
M4ANYAZ8Q6H8,"SETRA SYSTEMS, INC.",QATEDMDR46E4,9644623.56,59,ddg,
HLQLWMV97J37,CURTISS-WRIGHT ELECTRO-MECHANICAL CORP,HLQLWMV97J37,9570402.15,20,ddg,
PGWNKJF89FV5,ELMA ELECTRONIC INC.,XLKTN1TLGB75,9279663.16,55,ddg,
HUDHMPV9B6M9,NORTHROP GRUMMAN SYSTEMS CORPORATION,NKVZLJL93QT6,9258711.04,9,ddg,
NSWQJBEZZD83,SOPHEON CORPORATION,NSWQJBEZZD83,9125003.00,10,ddg,
GLRVV6FC6DB3,GP STRATEGIES CORPORATION,GLRVV6FC6DB3,9102507.91,28,ddg,
HQYTCMF5RGE4,SHERBURN ELECTRONICS INC.,HQYTCMF5RGE4,9058412.74,125,ddg,
MDH6KH9D4SG7,"ASCO POWER TECHNOLOGIES, L..P.",T2PGFX9RZJH9,9047596.11,28,ddg,
KZGEJ29ND6K3,EVONIK CORPORATION,VLY1XBVNLJK8,8990125.44,42,ddg,
E2P8AAJA2LK5,"MICRO PRECISION, LLC",,8927339.86,123,ddg,
QPFMBXNMQM85,"AEROTEK, INC.",GVWENMHJ4Y87,8883344.21,30,ddg,
JSAXGRLNEJ63,"COLONNA'S SHIP YARD, INCORPORATED",JSAXGRLNEJ63,8824083.52,8,ddg,
U4MMR7DR2DR7,"JAL ENTERPRISES, INC.",,8808700.95,31,ddg,
NRCCMBKQ6FD7,LEIDOS INNOVATIONS CORPORATION,ZL41ERXMPAR3,8763129.32,27,ddg,
REXPSJ7NAHU8,DERBYSHIRE MACHINE & TOOL CO,REXPSJ7NAHU8,8754912.00,89,ddg,
VXHFDAKS2LZ6,CURTISS-WRIGHT ELECTRO-MECHANICAL CORP,,8690883.48,13,ddg,
GTP8S87MBPF3,"GREENLAND ENTERPRISES, INC.",GTP8S87MBPF3,8629479.95,7,ddg,
HWLGUR28KMS6,APPLETON MARINE INC,HWLGUR28KMS6,8623162.05,13,ddg,
EPSYXPS5MK39,NORTHROP GRUMMAN SYSTEMS CORPORATION,NKVZLJL93QT6,8515755.91,30,ddg,
CE3HF8PLAFD3,"MILWAUKEE VALVE COMPANY, LLC",,8485974.47,36,ddg,
C7QHHMJEALN1,"MONROE CABLE COMPANY, INC., THE",,8264141.85,3,ddg,
MK9SR2K87JN5,"LANDSTAR INWAY, INC.",J3C4WKJZZKN5,8140155.55,4,ddg,
WNDYZX3ALFB1,"COMARK, LLC",WNDYZX3ALFB1,8044792.54,44,ddg,
VKBFB8MAZ357,TITANIUM FABRICATION CORPORATION,VKBFB8MAZ357,7868538.00,28,ddg,
EJT5ERY72NJ3,"WELLS PROFESSIONAL CONSULTING SERVICES, LLC",,7777742.23,98,ddg,
LPY6KXBKHMK8,"RHOADS INDUSTRIES, INC.",LPY6KXBKHMK8,7753370.18,13,ddg,
ETWEE7EYY9G5,COGITIC CORPORATION,USRQZ9JUAF88,7662938.95,39,ddg,
RLYHS582JDW8,"CAMERON TECHNOLOGIES US, INC.",W1LDBNHD4EM7,7594247.95,31,ddg,
H1PAVTLJBJ88,TYCO FIRE PRODUCTS LP,XEQ3L57D2J24,7590677.86,24,ddg,
D2J1SSHB5EB7,THE HELLAN STRAINER CO,X99SLLWX4NV1,7488797.57,37,ddg,
LFVJABJDQVZ9,"W. & O. SUPPLY, INC.",MX63C2VRKCJ6,7371544.96,31,ddg,
FLQJXSFMNQP6,LISTER CHAIN & FORGE INC,FLQJXSFMNQP6,7358850.37,16,ddg,
JFHLZNJLWAN5,"TM INDUSTRIES, LLC",F17YKE4BDQS4,7324616.54,58,ddg,
FR7WWCCNBQZ6,D K MACHINE INC,,7212594.68,32,ddg,
MMDRDDVELDX8,DANTE VALVE COMPANY,UNBUG7BAWZL3,7073622.27,73,ddg,
WAJ6RKYZTYL3,C & C METALS ENGINEERING INC,WAJ6RKYZTYL3,7051370.67,119,ddg,
NRFJMVNYQ6C3,"ZAPATA GROUP, INC",NRFJMVNYQ6C3,7032692.34,11,ddg,
CXK2Y51KDBW1,PRL INDUSTRIES INC,XD2KRCD9W4A5,6806486.02,14,ddg,
C6C8KS7Y1K76,MIDE TECHNOLOGY CORPORATION,C6C8KS7Y1K76,6797264.79,29,ddg,
ZLM5NQE8LSR8,"IMECO, INC.",KN4DLHTLNCS8,6774547.38,13,ddg,
Y5R2L8HWAUA8,"NAVUS AUTOMATION, INC.",Y5R2L8HWAUA8,6643102.65,29,ddg,
D44RA79E3K57,PRECISION PRODUCTS INC,,6573693.26,52,ddg,
KDFTJG6RK5A8,"AIRBUS DEFENSE AND SPACE, INC.",QM7GAR7U8NK3,6527644.00,1,ddg,
HTR5K76FMH84,"Federal Bronze Casting Industries, Inc.",HTR5K76FMH84,6522292.00,45,ddg,
T2VFE1NGR3G5,"DRS TRAINING & CONTROL SYSTEMS, LLC",W8PTMRME1496,6388362.61,25,ddg,
MRGNDX62YHQ3,Conrex Steel Ltd,X8TCJXY34WL3,6272508.74,9,ddg,Y
HA3UFSU8FN75,"L3 TECHNOLOGIES, INC.",SJULQDJ8NZU7,6068509.65,17,ddg,
JU5GNH1H5FV6,DY4 INC.,PF8PJNVEPTJ1,6009987.27,44,ddg,
XNFVD42NAB73,TRIAS CONSTRUCTION LLC,,5941068.68,24,ddg,
HMBSX7Z72UK4,"WESTLAND TECHNOLOGIES, INC.",SFBKRA9THBA3,5879853.83,53,ddg,
S1LJCH88WHT5,W.R. DAVIS ENGINEERING LIMITED,S1LJCH88WHT5,5860753.16,14,ddg,Y
CVKGYGVN9229,ARTCRAFT FABRICATORS INC,QZ9GLUKS1MS9,5822191.12,3,ddg,
M98JCJ2U7RD8,"CARLTON NATIONAL RESOURCES, INC.",,5722851.46,37,ddg,
RJGEKQDTZKT8,ELECTRIC HEATER CO,DD7KGPMP93C1,5710674.97,32,ddg,
MVJ8B69F5CL6,"RIGGINS COMPANY, L.C.",MVJ8B69F5CL6,5682395.59,20,ddg,
MWAKL633WET8,CURTISS-WRIGHT ELECTRO-MECHANICAL CORPORATION,PF8PJNVEPTJ1,5659932.32,1,ddg,
PWK4GDMMEAQ8,AMETEK SCP INC,N5KEKMFCWUR1,5651617.15,32,ddg,
XJTAAHL58NB6,"EASTERN SHIPBUILDING GROUP, INC.",XJTAAHL58NB6,5649604.67,3,ddg,
U864F3HRME53,GE ENERGY POWER CONVERSION USA INC.,JRZ1WHXAKBM3,5573437.22,15,ddg,
YVBHN7GKLQ44,"GLENAIR, INC.",YVBHN7GKLQ44,5516200.52,50,ddg,
HYNSUU4GPWA9,GLOBAL EXECUTIVE SOLUTIONS LLC,,5475350.66,11,ddg,
MXTJBDD1L4T4,"TAYLOR DEVICES, INC.",MXTJBDD1L4T4,5464313.98,16,ddg,
RDG4F8MZVDU1,"POWER PARAGON, INC.",SJULQDJ8NZU7,5428340.85,6,ddg,
VJHFDLA3NLG8,"BRADKEN, INC.",FLU4K8MGMZX7,5409565.75,21,ddg,
QB7EKDNK2E83,TIM BRIERE,,5365922.85,60,ddg,
PNLJW4UFU1A8,"MARK C. POPE ASSOCIATES, INC.",PNLJW4UFU1A8,5346139.14,12,ddg,
JRHJJRY6DWK3,"CORNELL-CARR CO., INC.",,5332148.03,32,ddg,
XH9ADBLZRMF1,MELLINGER ENGINEERING GROUP LLC,,5231025.10,19,ddg,
GCUTMML7MHH3,South Florida Van Lines Inc,,5228932.11,9,ddg,
GFCUEMH2CGN1,RIVERHEAD BUILDING SUPPLY CORP.,GFCUEMH2CGN1,5228384.98,39,ddg,
YA5MLUTX7W19,ITT CORPORATION,TCCLSQU7ZMW5,5184754.86,5,ddg,
GN2LGJWUVKJ7,"THE NAKOA COMPANIES, INC",GN2LGJWUVKJ7,5180408.40,4,ddg,
L2EDH4DX27J5,WILLIAM E WILLIAMS VALVE CORP,L2EDH4DX27J5,5069860.00,41,ddg,
K151N8EJE998,"CLIMAX PORTABLE MACHINE TOOLS, INC.",K151N8EJE998,5034813.08,22,ddg,
ZXNYWJ1KLDL9,"SYMETRICS INDUSTRIES, LLC",UAC2KLJM4XY1,5011966.00,5,ddg,
H2VUYH8JMBY9,CURTISS-WRIGHT FLOW CONTROL CORPORATION,PF8PJNVEPTJ1,4983285.16,6,ddg,
QVMBB4UCMEH4,"ELECTRO MECHANICAL SPECIALISTS, LLC",QVMBB4UCMEH4,4968784.90,28,ddg,
CABCB9XBJHK5,"APOLLO PROFESSIONAL SOLUTIONS, INC.",YA7EN5YYJYS8,4959746.33,57,ddg,
E86EYMJR23D1,"MELLINGER ENGINEERING, INCORPORATED",,4950203.50,20,ddg,
Z9P3GJBTJUT5,"METALS USA PLATES AND SHAPES, INC.",CJCQB4PYB943,4922836.00,1,ddg,
FFZLXPAQCMD8,WHITING DOOR MANUFACTURING CORP.,JCAZB4Y7FTW2,4916941.21,27,ddg,
JC42EBJ5NFJ1,HAMILTON SUNDSTRAND CORPORATION,PPLZG8J3N9D4,4894929.18,36,ddg,
HY9JJE3F4R25,"WOLLASTON ALLOYS, INC.",CVVANE9FWYN6,4816591.00,7,ddg,
LYV8XEV314F6,UNIVERSAL MANUFACTURING CORP.,LYV8XEV314F6,4808227.90,10,ddg,
NMHFLDYJJ4C5,LOCKHEED MARTIN CORPORATION,ZFN2JJXBLZT3,4780449.32,21,ddg,
K6LKL4BYZGZ6,TRILOGIC SYSTEMS CORPORATION,,4774091.88,37,ddg,
RBJHSL4MK9M8,LANXESS SOLUTIONS US INC.,TM8BK53JMDF4,4769117.00,10,ddg,
QV38GMJUBJQ3,L3HARRIS MARITIME SERVICES INC,SJULQDJ8NZU7,4702215.48,14,ddg,
ZJYJB7MBFE56,"CRANE PUMPS & SYSTEMS, INC.",VCFNC31LV829,4647189.52,24,ddg,
YWX1QLBKSQD7,"PRC - DESOTO INTERNATIONAL, INC.",WA6MBG28BUQ5,4554999.41,48,ddg,
FH39KDCYBK21,"Htp Meds, LLC",,4526443.33,10,ddg,
F3XKPA82MHQ5,"NAG, LLC",F3XKPA82MHQ5,4516902.65,21,ddg,
JL9NMM3YALQ5,"TAD PGS, INC.",Q53BLDNWRKA8,4515227.64,33,ddg,
Y9KMLM1AFU63,ROTRON INCORPORATED,N5KEKMFCWUR1,4467453.96,19,ddg,
LGVPVLMRHH51,"W. & O. SUPPLY, INC.",MX63C2VRKCJ6,4457876.31,30,ddg,
MTNSMCNJCNE1,"LJM PACKAGING CO., INC.",,4441314.00,9,ddg,
WJ1XMJMTSYL9,"PAROSCIENTIFIC, INC.",,4426281.27,36,ddg,
JLZUKW73FAM9,"Paradigm Precision Holdings, LLC",FFXKK2MMEM97,4423336.00,26,ddg,
H8CSTCGGDD87,STRYTEN ENERGY LLC,,4364540.72,1,ddg,
RG8HFHKSV215,PDS ENGINEERING & CONSTRUCTION INC,,4351542.00,6,ddg,
JCXDK86FK3L5,FEDERAL METAL CO,JCXDK86FK3L5,4308300.00,3,ddg,
LFNVWPJYQKH4,COASTAL DESIGN LLC,LFNVWPJYQKH4,4280301.84,69,ddg,
QF82VVEDYFC3,"PUROLATOR FACET, INC.",W138B61KN3Q7,4253101.45,12,ddg,
D1L2HV3GLLY3,TIOGA PIPE INC,D1L2HV3GLLY3,4242450.64,8,ddg,
ZMYGRJX1M1J3,RIESBECK CONTRACTING INC,ZMZ2U6BJ1XC2,4076959.12,25,ddg,
PM3QRNLPA8K5,"RILEY POWER GROUP, LLC",,4040000.00,3,ddg,
KQDAHF4VF266,"BEN M. RADCLIFF CONTRACTOR, INC.",,4027771.00,1,ddg,
DR3FAZLZ8624,OLYMPIC PENINSULA PERSONNEL INC,,4027701.16,10,ddg,
KWHXKLAL87T5,"IN-PLACE MACHINING COMPANY, LLC",KWHXKLAL87T5,4023880.36,10,ddg,
LKJHENGNFX98,NORTHROP GRUMMAN SYSTEMS CORPORATION,NKVZLJL93QT6,4023024.43,7,ddg,
N6JZARL64EW5,"MCKINSEY & COMPANY, INC. WASHINGTON D.C.",,4000000.00,1,ddg,
QVTKQ7LJE196,M. T. DAVIDSON COMPANY,EYXEF9DML9L7,3985560.61,27,ddg,
QLTXH525A671,"RAPID PREP, LLC",QLTXH525A671,3957474.00,68,ddg,
D3QEMKB2X4N5,"LEXAIR, INC.",,3918057.00,4,ddg,
QEP4TKLKQDV3,"U.S. PIONEER, L.L.C.",QEP4TKLKQDV3,3873447.53,52,ddg,
N16ET1YJ6QZ3,"ROMAC INDUSTRIES, INC.",WH4HRFKKT8U6,3799549.67,31,ddg,
CG86N1ZC42B8,Ammcon Corp.,W3KUJLTCRLV1,3798866.40,58,ddg,
NBM4G4SAFQM3,QUALITY PERFORMANCE INC,X9C7KVWCMQJ6,3792757.07,38,ddg,
UE9QJD4KK1L6,"LEIDOS, INC.",ZL41ERXMPAR3,3756401.34,7,ddg,
UK6NAHCH8459,CAROLINA POWER SYSTEMS OF SUMTER INC,,3752398.80,20,ddg,
U5DDDFM4LJS3,"PRIME TECHNOLOGY, LLC",,3747473.87,21,ddg,
GYMLL74UL5Q8,"HYDRASEARCH CO., INC.",ULZEK7HDMS57,3721573.24,47,ddg,
NXGLEN3CK1N6,"DATACON, INC.",NXGLEN3CK1N6,3711393.19,23,ddg,
Y9LLF354DH36,"BIRD-JOHNSON PROPELLER COMPANY, LLC",Y9LLF354DH36,3698282.00,1,ddg,
GFBTEVXB65X7,"PCC ROLLMET, INC.",UU26FKF1MML6,3689050.71,22,ddg,
NQKEVF8KEMP1,PIVOTAL POWER INC,W8PTMRME1496,3683087.44,59,ddg,Y
M553NMG2GTR6,NORTECH SYSTEMS INCORPORATED,UCNMVD1EMHN4,3624042.34,3,ddg,
KYFUJ83L3UY9,CONE DRIVE OPERATIONS INC,XBY5FEGMU441,3620746.28,10,ddg,
FFL2MLNT4FN1,GARDNER DENVER NASH LLC,HQ19YHLBS985,3580074.24,7,ddg,
EYMMLMHBMSL5,"SGL AUTOMATION, LLC",,3543477.54,3,ddg,
UJD2HEK94GH8,"KFT FIRE TRAINER, LLC",KHCHNNS9E3R5,3542697.35,12,ddg,
T4RCBDVMPVM4,"MEGGITT DEFENSE SYSTEMS, INC.",TKJ1TW2YRNL3,3526623.99,14,ddg,
EDJPMQN1HSJ1,"MSA SAFETY SALES, LLC",HJG5ZSLCMTJ9,3491300.86,20,ddg,
G7SQBKZNPRN4,"ACCU-FAB AND CONSTRUCTION, INC",,3448140.52,9,ddg,
YHGHMGTME7A5,Howden American Fan Company,ZTPLJJTAD2F4,3414856.65,20,ddg,
H4NUSZNWG4K6,"SOUND MECHANICAL, INC.",,3388354.80,20,ddg,
GKPGD2F1LKL5,"ELLWOOD GROUP, INC.",GKPGD2F1LKL5,3367507.48,10,ddg,
TJGHTGTTVEA1,"SAFARI MICRO GOVERNMENT SOLUTIONS, LLC",,3325786.00,21,ddg,
VXJMLWN9XU18,"BRADKEN - ATLAS, LLC",KK9MJ7GHSJ96,3325283.02,21,ddg,
RK6GKSXPC8W7,ARNOLD MAGNETICS CORPORATION,,3267202.75,29,ddg,
T5C6JNLVSC17,HYDRATIGHT OPERATIONS INC,,3250474.81,13,ddg,
XJWLF38U74P3,FLUID HANDLING LLC,LFJVPJ77LNM7,3246093.00,4,ddg,
FYS6F3284LN3,VELAN VALVE CORP.,KH1WNH8NJR56,3232177.01,23,ddg,
S3GFGJ1QGAE6,"M.S.M. INDUSTRIES, INC.",,3196250.89,20,ddg,
LD7YXEQNEKZ3,"LINCOLN ELECTRIC AUTOMATION, INC.",,3185280.00,5,ddg,
KMDLJAJQ4UM1,"BRANTNER AND ASSOCIATES, INC.",MPCXJJQJAL83,3145783.68,119,ddg,
V627Y8NS1JM1,"MILCOTS, LLC",,3139890.00,24,ddg,
QPB2M919LQM5,MATERION BRUSH INC,QT9LCNSYE637,3125291.83,17,ddg,
DDQCLD6FEJJ6,"TOG MANUFACTURING COMPANY, INC.",RC1NNGFRMMM7,3118113.34,41,ddg,
YMKJUADMJN79,"TRI-TEC MANUFACTURING, LLC",JYTYZUGUN6V3,3095511.45,20,ddg,
C1NAJQ34VWM5,Cameron Energy Services Corp.,,3086940.01,22,ddg,
TAB4FBLR5UM1,ANIXTER INC.,HT2SC8NC87E1,3075798.40,13,ddg,
EYP9DXW18FY9,"W.R. ALLEN & CO., INC.",,3068301.87,22,ddg,
URUVKGK3FTV1,"WILLIAMS SCOTSMAN, INC.",MH4FDVBB4G88,3067301.69,19,ddg,
ZU51LS7JZ8L5,FCX SYSTEMS INC,,3065470.18,5,ddg,
HJUAXSF12JR6,"CUSTOM HYDRAULIC & MACHINE, INC.",,3038529.32,52,ddg,
K3URF4HUNQS5,"GLOBAL, INCORPORATED",K3URF4HUNQS5,3021151.95,28,ddg,
KXWXRYB3FBW3,FLOWSERVE CORP,YPQMZDVKS1K8,3016225.40,11,ddg,
JR3NDKLB4BH9,PACIFIC MARINE SYSTEMS CORP,K8E4CQYCRJ25,3004106.44,21,ddg,
VGCPT3NSM831,HII FLEET SUPPORT GROUP LLC,F9SDJAZFTLG6,2984257.90,5,ddg,
ZVKEBJ4HQHB8,HEILIND MIL-AERO LLC,HTHFAYHMJWT4,2975285.97,66,ddg,
ZPZMCRH2JSA3,EZEFLOW USA INC,ZPZMCRH2JSA3,2949502.00,42,ddg,
LCYTE2L5JEP4,NAVAL ENGINEERING SUPPORT INC,Q5DRWXKQP299,2940135.00,13,ddg,
UR64LG5YKUE8,"LYNN LADDER AND SCAFFOLDING CO., INC.",NPDPXRZGXXL3,2932640.21,17,ddg,
R2D6XY1EM6J8,SENSARAS,R2D6XY1EM6J8,2929263.07,17,ddg,
UNG7G6S4JRA6,"5TH AXIS, LLC",UNG7G6S4JRA6,2918111.79,38,ddg,
K4GJKMQD4961,"BARBER-NICHOLS, LLC",U5K7DSV5D3U7,2899802.00,1,ddg,
MYKLJHTX3MM7,"LEIDOS, INC.",ZL41ERXMPAR3,2871452.65,7,ddg,
K84MXRVQ8BW5,"PACIFIC SHIPYARDS INTERNATIONAL, LLC",,2856500.00,1,ddg,
UK8DL82MHJG5,PROPULSION CONTROLS ENGINEERING,UK8DL82MHJG5,2849576.00,13,ddg,
JNC1BUEVV3B9,"JGILS, LLC",,2830532.92,33,ddg,
FJMAMQK89ZB8,"CAMERON TECHNOLOGIES US, INC.",W1LDBNHD4EM7,2820410.95,33,ddg,
D6GJGD1KMH25,"ANIXTER, INC",D6GJGD1KMH25,2779003.00,13,ddg,
KSZBH4K529U5,"CMI, INC.",VL3KQ5GEU6K1,2774181.96,22,ddg,
FACXKY7FULJ4,"PRECISION FABRICATING & CLEANING COMPANY, INC.",EBMBBLNWAZS8,2760209.26,4,ddg,
F2KSX22KK1E4,"BLOOMY CONTROLS, INC.",F2KSX22KK1E4,2726993.00,9,ddg,
GHVMX1DLDAK6,"WURTH REVCAR FASTENERS, INC.",XMRBFR868NS3,2708658.18,24,ddg,
KH1SMVPKSHY4,GREAT LAKES SOUND & VIBRATION INC,KH1SMVPKSHY4,2699504.19,4,ddg,
P2LKC7KAFFR2,"FAIRMOUNT AUTOMATION, INC.",,2687782.00,2,ddg,
V73QNVKJWAJ9,CRYSTAL GROUP INC.,M1DFCE4G2PM8,2653144.00,16,ddg,
NGMSB6M2QKA4,ASA ENVIRONMENTAL PRODUCTS INC,,2645078.76,47,ddg,
XBHNYVTCDQH8,UNIFIED2 GLOBAL PACKAGING GROUP LLC,XBHNYVTCDQH8,2638713.58,6,ddg,
CE4UBZFNCKU9,"MOHAWK NORTHEAST, INC.",CE4UBZFNCKU9,2628612.17,11,ddg,
SM28EAQLF5N3,"EDCO, INC.",SM28EAQLF5N3,2619922.67,4,ddg,
HB74FFGNFK17,THE DYSON CORPORATION,,2580647.25,18,ddg,
NG7TY7BYU9R7,"W. & O. SUPPLY, INC.",V91WXBJ7WKL1,2554064.00,43,ddg,
VDGQNU1VJC64,XCHANGER MANUFACTURING CORPORATION,,2548193.45,11,ddg,
V32LJNFLKBT7,RFD BEAUFORT INC.,SZ4SDE9YK5E4,2531538.00,10,ddg,
X96XQ88UFHM5,MARIA DO CARMO DE ALBUQUERQUE LINS,X96XQ88UFHM5,2518418.60,3,ddg,Y
HDM5WRBME2K7,ALLIANT TECHSYSTEMS OPERATIONS LLC,GJVCPEBZV574,2514366.00,3,ddg,
EANJVKFHMSZ8,"GULF FASTENER, INC.",EANJVKFHMSZ8,2483049.00,8,ddg,
WN3KS9Z5JLK9,"PRECISION MACHINE & GEAR, INC.",,2464622.02,43,ddg,
EZVMH8VEGL34,"BAUER COMPRESSORS, INC.",JEKASJ7K4PJ1,2444674.90,14,ddg,
U73RYB2RKTW4,"RWH CONSULTING GROUP, INC.",,2417333.00,13,ddg,
GX3AEWVNND13,"NEW ENGLAND MECHANICAL SERVICES, INC.",RJTAYN8QLWY1,2395565.00,18,ddg,
X3DBJSMT83N5,CLEVELAND-CLIFFS PLATE LLC,VUNMXC2JLBY3,2375572.75,38,ddg,
JH2CJYVWBME6,"ROLLER BEARING COMPANY OF AMERICA, INC.",LC7UN8MJYCJ7,2348999.22,14,ddg,
G45GNP4ARKJ3,PROTERIAL CABLE AMERICA INC,,2342045.91,39,ddg,
JHPXZQA4R1X1,"BLACK ROCK TECHNOLOGY GROUP, LLC",,2320793.72,38,ddg,
PUVNWFNW5BG3,VETERANS GROUP LLC,,2302613.00,8,ddg,
QSMPQ9WU65L5,"FAIRLEAD INTEGRATED, LLC",DXM3GSLGH2Z5,2291546.00,1,ddg,
EUB6UJ91Y997,"SENESCO MARINE, LLC",UTMCRDABQS33,2289201.12,7,ddg,
Z86FMF9P1KD6,"G. S. E. DYNAMICS, INC.",Z86FMF9P1KD6,2279307.80,9,ddg,
MYJHF1S2HGV5,"EPSILON SYSTEMS SOLUTIONS, INC.",MYJHF1S2HGV5,2274256.08,26,ddg,
NKUARJG8E2E8,ROSCID TECHNOLOGIES,,2267884.89,11,ddg,
KVETLASZ5DL3,CONREX STEEL LIMITED,KVETLASZ5DL3,2251052.08,4,ddg,Y
M467BSNHK9J8,KATO ENGINEERING INC.,E5LZDXKKRKE3,2249921.36,12,ddg,
SK3YCN3CHJD7,"PLASTIC DISTRIBUTORS & FABRICATORS, INC.",,2238689.28,36,ddg,
UAWKMCFNMNT1,"CRAIG TECHNOLOGIES AEROSPACE SOLUTIONS, LLC",,2238222.69,7,ddg,
UR5TFK3LAVL5,"FEDERAL RESOURCES SUPPLY COMPANY, LLC",G3MFPVJHC8R1,2226687.17,20,ddg,
J8ATNVMEGLK1,"CHAND, L.L.C.",J8ATNVMEGLK1,2225302.51,31,ddg,
XFM4VGW1NBE4,"L.C.DOANE COMPANY,THE",XFM4VGW1NBE4,2210257.31,18,ddg,
ZMBFGXHLGLM3,BAE SYSTEMS SAN DIEGO SHIP REPAIR INC.,E5K9VR2A1MW9,2188557.22,14,ddg,
MG3VKJVUVP75,"TKH CONSTRUCTION, LLC",MG3VKJVUVP75,2167370.10,12,ddg,
NKNLZEBJBM67,"TRANSDIGM, INC.",UAC2KLJM4XY1,2160026.20,16,ddg,
XPJVJCWTHYV6,"ESCO GROUP, INC.",XPJVJCWTHYV6,2159331.00,4,ddg,
CR99X5Q2KQS1,"L.B.I., INC.",CR99X5Q2KQS1,2118289.63,20,ddg,
UNYXWK1ZR391,"MAYCO MANUFACTURING, LLC",UNYXWK1ZR391,2112569.12,4,ddg,
SS8JL7WNHPX9,"BURNS & MCDONNELL ENGINEERING COMPANY, INC.",Z8WNV7KTX267,2111885.79,6,ddg,
N1C5QLNPJLS4,DELL FEDERAL SYSTEMS L.P.,TJCDPVN6RNP7,2061725.35,18,ddg,
YGGCA283C3P4,HALE HAMILTON (VALVES) LIMITED,U45EH8WMNF55,2018580.80,2,ddg,Y
JGNYLKEPEBL4,PEMCO-NAVAL ENGINEERING WORKS INC,,1979065.80,41,ddg,
U2PTLL8PXDE3,"ABLE MACHINE TOOL SALES, INC.",,1974442.00,4,ddg,
FFKCVFLHNTE7,AMERICAN HYDRO CORPORATION,GCWKULHML2S3,1964329.44,16,ddg,
XP9YLL3TNCB9,"S & S FOREST PRODUCTS, LLC",VE8ASCGN1188,1949213.29,35,ddg,
YNUWEPDNSH37,ROSEMOUNT SPECIALTY PRODUCTS LLC,MKRBJA6JXXS7,1946763.00,16,ddg,
G58FFJ6F2CA7,GK MECHANICAL SYSTEMS LLC,GMNNMEA95K18,1929696.60,14,ddg,
EU8ESM53JNE7,LANXESS CORPORATION,J8EPCEKBCWN6,1912997.80,6,ddg,
MWJTQK36KMG3,ZAPATA INCORPORATED,NRFJMVNYQ6C3,1885683.06,4,ddg,
WA9LNGN2DPF4,"BECHTEL NATIONAL, INC.",QYLMXH4B2KX8,1878260.00,3,ddg,
JFSETNYJ81Y4,ELECTRONIC COMPONENTS INC.,,1863749.65,24,ddg,
DV6YQV71ME11,Mar-Vac Products Inc,,1852320.50,25,ddg,
J7RQVJ723JM3,MADISON COMPANY,J7RQVJ723JM3,1847765.63,14,ddg,
KKRWXEQ9FVU6,"HURLEY CONSTRUCTION, INC.",,1837825.00,3,ddg,
DW33W8L3N1P8,"PHOENIX GROUP OF VIRGINIA, INC.",,1818588.31,9,ddg,
CXQ7A9JSV3K5,"MEASUREMENT SYSTEMS, INC.",SCWYXXK1EM13,1778925.84,15,ddg,
UTWXQFNH47D5,"MEGGITT (NORTH HOLLYWOOD), INC.",TKJ1TW2YRNL3,1771119.20,6,ddg,
QEMLRQA7PLG4,"AMENTUM SERVICES, INC.",TU4KCXMM9AP6,1760097.26,13,ddg,
XEYGFMKSLWW5,THE BUTLER WELDMENTS CORPORATION,XEYGFMKSLWW5,1758923.79,19,ddg,
UPAPN5VL4KR9,EATON AEROSPACE LLC,MBJ8ANU347W7,1748200.00,8,ddg,
FJAVFFKN2LE3,"WATTEREDGE, LLC",L4QQJ4BH2726,1745724.34,11,ddg,
DJMMEPKGGNB3,"MEASUREMENT SPECIALTIES, INC.",MPCXJJQJAL83,1745467.00,12,ddg,
CXZ9PUEZ5SQ7,BLACK & DECKER (U.S.) INC.,CXZ9PUEZ5SQ7,1744465.88,8,ddg,
LZP6L339NKZ9,"MARINE POLYMERS, INC",LZP6L339NKZ9,1740804.00,12,ddg,
SE6NBH1ZRQN5,VETERANS' GROUP LLC,,1738977.17,7,ddg,
L5YANW2XSND4,"B.W. ELLIOTT MANUFACTURING CO., LLC",NFDVRDBAFR87,1719986.42,28,ddg,
M8ZHL8ZXGQP5,"CHROMALOX, INC.",EREJZHBM5MU1,1715171.05,15,ddg,
W43NW8NZ7AJ8,GENERAL NUCLEAR CORP.,,1707405.00,7,ddg,
VNC1NE44BXJ6,"TOTAL WELDING SUPPLY, INC.",,1691797.76,4,ddg,
PVLTABUDXLR4,HARTFORD ELECTRIC SUPPLY COMPANY THE,PVLTABUDXLR4,1681551.15,27,ddg,
CEN1DBGRNU77,CHESTERFIELD SPECIAL CYLINDERS LIMITED,MKLMYV3GXC65,1675051.72,1,ddg,Y
CJF6S4UR1LM8,EVOQUA WATER TECHNOLOGIES LLC,W1NCJ8ATWDN7,1664440.81,13,ddg,
EK4EVQQNEFC6,"HEXAGON METROLOGY, INC.",LYHWX7B8JNF5,1658034.00,4,ddg,
DQLZFV6PFCB9,"TATE ANDALE, LLC",DQLZFV6PFCB9,1641713.75,24,ddg,
KH92FV2FJC26,"THRUSTMASTER OF TEXAS, INC.",,1640000.00,1,ddg,
WYFZJPX5J537,"SONALYSTS, INC.",WYFZJPX5J537,1637362.00,12,ddg,
V212U2BEGU37,"SAFARI MICRO, INC.",V212U2BEGU37,1629741.00,10,ddg,
MUD4KL77FK98,TURNBULL LLC,E3NCN9MXJAL5,1618379.34,12,ddg,
PUFMZLZJ2BY2,MATTHEW WARREN INC,PXBUGNWVPJ46,1611637.58,14,ddg,
CAKCE9S4WL78,"AZTEC GLOBAL SOLUTIONS, INC.",CAKCE9S4WL78,1611322.76,28,ddg,
P33VWHC39MN5,"ADMIRAL VALVE, LLC",,1607506.00,15,ddg,
PFRSFST9SSL1,RANTEC POWER SYSTEMS INC.,RW4NDPS7PYF1,1576067.00,6,ddg,
G15JF2TNVBL6,SIGNET MARITIME CORPORATION,G15JF2TNVBL6,1567993.33,13,ddg,
MC9KZKMUD8F8,"AGGREKO, LLC",PM5WJ7WYPX53,1564820.63,14,ddg,
P4XPJNTCHB68,SCHOELLHORN - ALBRECHT MACHINE CO INC,P4XPJNTCHB68,1549230.00,19,ddg,
KW9XSYBX2D65,MIRION TECHNOLOGIES (IST) CORPORATION,NNWHSJ3XX7J5,1543028.00,3,ddg,
YD6LTFVUZNG1,RAYTHEON COMPANY,PPLZG8J3N9D4,1518593.70,4,ddg,
M35SG6PKLJB3,"ALASKAN COPPER COMPANIES, INC.",M35SG6PKLJB3,1509965.70,15,ddg,
T2KBXDMYBLX5,LIGHTHOUSE ELECTRIC INC.,,1502185.00,8,ddg,
XDBJX5QWAM86,"SAI SYSTEMS INTERNATIONAL, INC.",XDBJX5QWAM86,1500897.00,21,ddg,
TCM3R4JPRKY4,INSTITUTE FOR ADVANCED LEARNING AND RESEARCH,TCM3R4JPRKY4,1500000.00,1,ddg,
KB45YQR3KSL5,"MISSISSIPPI SECURITY POLICE, INC.",KB45YQR3KSL5,1476686.01,4,ddg,
JG73AVR7NUN4,"HYDRATIGHT OPERATIONS, INC.",KM5NRZNTUDY8,1471613.04,5,ddg,
VT5KKT7WLRE7,"G P 50 NEW YORK, LTD.",,1469309.00,10,ddg,
C1CCV2BRQJ26,MARINE EQUIPMENT AND ENGINEERING SOLUTIONS LLC,,1466488.00,8,ddg,
DSBBDM96K6H6,RACER MACHINERY INTERNATIONAL INC,HMJWL8TT1N29,1460912.12,7,ddg,Y
YA7EN5YYJYS8,"APOLLO PROFESSIONAL SOLUTIONS, INC.",YA7EN5YYJYS8,1457093.14,23,ddg,
UZMKDFWHKTC9,"Maro Display, Inc.",,1453400.76,11,ddg,
VD1NLZGAJ2L4,"DURAMAX MARINE, LLC",VD1NLZGAJ2L4,1444639.00,4,ddg,
G9N1X873CYJ6,THE TIMKEN COMPANY,H4FZBFXLJ636,1422964.64,8,ddg,
KHK8QYLFGLU1,Rolls-Royce Corporation,F32RBQ3CHAG9,1422351.85,4,ddg,
LYDRWR6ML2U7,ITT CANNON LLC,TCCLSQU7ZMW5,1421244.10,2,ddg,
GTDWX1272LQ4,LINEAR MOTION LLC,G9PZGNJ37323,1393162.44,10,ddg,
N7NUHPAKNME8,"CUBIC DEFENSE APPLICATIONS, INC.",KB43RQK7PAH3,1390000.00,1,ddg,
V87VJJNMMFH9,"DEXTER MAGNETIC TECHNOLOGIES, INC.",TUU9F6CG3XC7,1382850.48,8,ddg,
KP54PU9M3GY5,TE CONNECTIVITY SEACON PHOENIX INC.,MPCXJJQJAL83,1377018.66,15,ddg,
TXHLDCPC95J3,"C. V. TOOL COMPANY, INC.",TXHLDCPC95J3,1360736.20,38,ddg,
YKMMCNDT9KF8,"YANKEE REMODELER OF NEW LONDON, INC.",YKMMCNDT9KF8,1354925.45,23,ddg,
DNY9WHR3SKK6,Clark-Reliance LLC,DNY9WHR3SKK6,1337562.00,14,ddg,
JLJVFN4MAQ98,DYNAPOWER COMPANY LLC,JLJVFN4MAQ98,1312933.00,2,ddg,
WWMME88ERQG5,BESTWELD INC,WWMME88ERQG5,1310222.11,21,ddg,
PS39EKC82UU5,DIT-MCO INTERNATIONAL LLC,SGSBHJMN78B6,1308292.00,5,ddg,
G8VYMKM2VG59,"NORTH AMERICAN CONTROLS, INC.",,1305906.00,2,ddg,
MN5LYLMWBGK8,"SIMULATION AND CONTROL TECHNOLOGIES, INC.",,1300000.00,11,ddg,
L85DJJ1BJSQ6,"PRECISION DEFENSE SERVICES, INC.",,1299052.00,1,ddg,
FUNJJEK23XN5,"TCH DISTRIBUTORS, LLC",FUNJJEK23XN5,1294092.65,21,ddg,
KK9HWTR6SM49,"Duer /Carolina Coil, Incorporated",X8JFENV4HTS5,1277773.52,16,ddg,
GYDNLMKBK274,"ALLREDI, LLC",GYDNLMKBK274,1271141.58,20,ddg,
TH91MD9B9RL7,SSI MANUFACTURING TECHNOLOGIES CORP.,TH91MD9B9RL7,1267954.29,31,ddg,
G8LCAVK5AVW7,"NORSEMAN, INC.",G8LCAVK5AVW7,1253930.02,10,ddg,
YHJESY2TDP23,MAJOR TOOL & MACHINE INC,LFFYZFAR2EH2,1252234.00,2,ddg,
N6BAAYHLH8G7,"TTM PRINTED CIRCUIT GROUP, INC.",PU9QMDF6FYC6,1252141.50,13,ddg,
JTNDE6EBHL41,TRIDENT TECHNICAL COLLEGE,XRCGNXUSUE58,1246740.27,3,ddg,
JX92LMWRTRJ9,"DONALDSON COMPANY, INC.",QLUGMNNMV4L8,1246449.32,6,ddg,
QDWGXNU1NLY9,"REXNORD INDUSTRIES, LLC",WFM2KCAVDX59,1246440.41,3,ddg,
LG8PRS9MR697,SFC VALVE CORPORATION,,1242245.63,12,ddg,
LG3KT6KZ9K42,"SPEEDWAY CONSTRUCTORS, INC.",K1GWTTUKLBM5,1236551.00,14,ddg,
CA3SCBN6PYP5,CONNECTRONICS CORP.,WF9TN8AWH8K5,1235462.00,3,ddg,
GFSJF2WNK1E1,"SCHNEIDER ELECTRIC SYSTEMS USA, INC.",KSFXGBDLNG74,1227123.94,8,ddg,
H4K1A9NVAB68,CRYSTAL INSTRUMENTS CORPORATION,,1215433.92,6,ddg,
KNAGZL3AKW44,"110 TECHNOLOGY, LLC",,1171594.38,4,ddg,
PW9GWUTL4KV5,"Us, Inc.",PW9GWUTL4KV5,1170232.59,19,ddg,
NFCDTTZM5JL3,DUREX INTERNATIONAL CORP.,,1165478.64,3,ddg,
F98TZC6J5XV1,ARC TECHNOLOGIES LLC,U6F2GHCNNH47,1164465.31,10,ddg,
QRS8UUK41BA4,METREX VALVE CORP.,,1146465.88,7,ddg,
U43WP4FHDJY3,"MARINE ELECTRIC SYSTEMS, INC.",,1133541.51,17,ddg,
MME9X24LUXP1,"ACROMAG, INCORPORATED",MME9X24LUXP1,1103333.35,21,ddg,
U3MMZ4SBMJJ3,"FINCANTIERI MARINE SYSTEMS NORTH AMERICA, INC.",NLXHHB71VMK5,1090982.92,4,ddg,
RDM6SEMM2WB4,"BARDEN CORPORATION, THE",PA1YD43KKTW3,1089257.00,5,ddg,
LRYRHNM7EHJ8,ITW FOOD EQUIPMENT GROUP LLC,RTYDEXYNEZS1,1081476.13,11,ddg,
VJFKVNQBYVL5,"GREENE RUBBER COMPANY, INC.",VJFKVNQBYVL5,1077245.52,23,ddg,
UKXMHUWSFLW7,"G.W. LISK COMPANY, INC.",UKXMHUWSFLW7,1076839.86,8,ddg,
C1H7UWEXRVN7,HOTTINGER BRUEL & KJAER INC.,,1074496.62,2,ddg,
ZNWJAN6CY115,"Q4 SERVICES, INC.",,1060557.50,5,ddg,
TQ6PLXME5XE1,ADHESIVE SYSTEMS TECHNOLOGY CORPORATION,,1060185.48,6,ddg,
C6KWNDH3EEB5,"CARDINAL ENGINEERING, LLC",C6KWNDH3EEB5,1059066.43,2,ddg,
RG3VUTDYFNF8,FLUIDYNE CORPORATION,RG3VUTDYFNF8,1058432.00,15,ddg,
HNAKLNNSE339,ODAT MACHINE INC,,1048156.00,14,ddg,
CKBGA756V5H9,MITCHELL MACHINE INCORPORATED,CKBGA756V5H9,1044464.36,8,ddg,
TMDVSPNEFR69,IVES EQUIPMENT CORPORATION,TMDVSPNEFR69,1038986.98,13,ddg,
NNRGV1N3Y1G5,"WOLF ROBOTICS, LLC",NA1PAN9A9F15,1038984.89,10,ddg,
MHR1KKAZ1NH5,"EDRO CORPORATION, THE",,1031725.70,19,ddg,
J7JJKMJGC7K1,"NAC GROUP, INC.",J7JJKMJGC7K1,1020441.38,15,ddg,
ZM8CV5ND9LG8,"JOSEPH T. RYERSON & SON, INC.",XXADYWMX8FE7,1015584.60,4,ddg,
CSB6FUPJ5TC1,"TDS AUTOMATION, INC.",ZTPCCBA4M5N5,1014815.65,7,ddg,
FQJTKZNF6GY5,"HILLER COMPANIES, INC., THE",GGSLGRB5KXM6,1011687.63,4,ddg,
R7JLC1Y2PLJ1,SCHROEDER INDUSTRIES LLC,TNLQJ5ULW665,1009599.20,7,ddg,
ZFN2JJXBLZT3,LOCKHEED MARTIN CORPORATION,ZFN2JJXBLZT3,1001141.00,8,ddg,
CKV2L9GZKJK3,DELOITTE CONSULTING LLP,F588F1QGXCP3,999000.00,1,ddg,
RGC3LKCE74R6,ENERPAC CORPORATION,KM5NRZNTUDY8,991142.00,2,ddg,
KMP7FYJJV3N3,PRYSMIAN GROUP SPECIALTY CABLES LLC,KMP7FYJJV3N3,989068.28,5,ddg,
WW6HFEMKWPC5,FRIES SPINNING & STAMPINGS INC,,985747.00,23,ddg,
N5RJW5NX32Y1,"W R SYSTEMS, LTD.",N5RJW5NX32Y1,983272.72,14,ddg,
JA3LXNZMCTA9,KK MOLD DESIGN & MACHINING LLC,,972596.50,2,ddg,
D9T3VK42BLV7,"MILWAUKEE COMPOSITES, INC.",,967903.84,5,ddg,
LN8JD2HB57K5,"PATRIOT ELECTRONICS, INC.",,962596.90,20,ddg,
S3NBXGNJ5433,"PCNET, INC.",S3NBXGNJ5433,957847.48,14,ddg,
MXEKHYEZZJZ6,"HOLMES MECHANICAL, INC.",MXEKHYEZZJZ6,952318.09,9,ddg,
LWF3CB1HFZF3,I S C O CORPORATION,LWF3CB1HFZF3,948041.18,19,ddg,
JCDGLS37EF65,"NATIONAL PARTITIONS, INC.",,941820.45,3,ddg,
N28CNQT19JY9,"USC CONSULTING GROUP, LLC",N28CNQT19JY9,938400.00,1,ddg,
HNJDANSKDZK9,"SPECTRONICS, INC.",HNJDANSKDZK9,935412.45,23,ddg,
DEGHQRGPKTQ8,PARKER-HANNIFIN CORPORATION,W138B61KN3Q7,935238.56,3,ddg,
V25NZRTBX3R3,"SIEMENS GOVERNMENT TECHNOLOGIES, INC.",RDB2AM2GGHH8,906062.00,2,ddg,
W547TUQXJ8Y4,CARVER PUMP COMPANY,W547TUQXJ8Y4,901811.58,10,ddg,
C18KXNHETC95,KITCO FIBER OPTICS INC,UU26FKF1MML6,900037.58,10,ddg,
EKY1E33VMH27,"UNITED RENTALS (NORTH AMERICA), INC.",,892310.71,9,ddg,
GXK6HT9PN3P9,KAMATICS CORPORATION,SCEEGJW7XZE5,885610.00,39,ddg,
FNBNKXCC3QD8,SUPERBOLT INC.,MHNEK1CGNJS9,883167.00,7,ddg,
CERUMMHMPXZ9,"CONAM INSPECTION AND ENGINEERING SERVICES, INC.",N8DAXK7KXKM8,877933.42,5,ddg,
S4ZAF64LJ1G3,"GENERAL DYNAMICS MISSION SYSTEMS, INC.",VF58HFRNGEL8,877000.08,4,ddg,
SN8JQ8XJ55N9,"LOVEJOY, LLC",,872627.31,11,ddg,
S9FENR91JGV9,THE CARONDELET FOUNDRY CORPORATION,,868352.00,4,ddg,
HLW2GH7TF2M4,INDAL TECHNOLOGIES INC.,J9V9SJL4CW97,863891.21,2,ddg,Y
XRN4L5GSHNJ5,MASON ELECTRIC COMPANY,R5N4GY677EH5,857769.00,7,ddg,
FDMCABKJFNE8,"MINE SAFETY APPLIANCES COMPANY, LLC",HJG5ZSLCMTJ9,856082.60,3,ddg,
UES5F4AAZJK5,"DONALDSON COMPANY, INC.",UES5F4AAZJK5,853928.47,15,ddg,
W2H3SYSJNLK5,Arastaff,,845608.05,10,ddg,
SJDXENRDPKE8,SOPHEON CORPORATION,C42JQSEUNF23,844952.00,5,ddg,
TT9AGM31ZHM5,"BURK-KLEINPETER, INC.",TT9AGM31ZHM5,835891.42,3,ddg,
SFD8QNU62LD3,INSULATED WIRE INC.,UUWJVAA5CK71,833983.82,8,ddg,
LN9YKAX66918,"KULITE SEMICONDUCTOR PRODUCTS, INC",LN9YKAX66918,820968.00,17,ddg,
JK16ZQ9FRJ51,TAVERNIER DIDIER,,819738.00,8,ddg,Y
W7QMJRYTHHM4,"TECHSPEC, INC.",HYWRB7XDFNE9,819675.68,9,ddg,
RC7JGU7RMQT4,ECH ARCHITECTURE PS,,816977.89,8,ddg,
C7QXDAE2EUN1,"GENERAL MARINE PRODUCTS, INC.",,813840.00,5,ddg,
DKJ1R5ABCN48,SERCO INC.,FC3YWXFNT7U6,813130.06,8,ddg,
VUA5GYK66K98,CHAPCO INC,VUA5GYK66K98,811133.02,7,ddg,
L4ZMKLM4MPL3,MOOG INC.,L4ZMKLM4MPL3,796152.00,2,ddg,
CMTLME2MH6F4,SPIRAX SARCO INC,WCE1F3V37MM9,795932.00,6,ddg,
NL7RNBHWHJQ1,DRS TECHNOLOGIES CANADA LTD,W8PTMRME1496,794192.57,15,ddg,Y
W2GBUE64GMZ6,"DERBYSHIRE MARINE PRODUCTS, LLC",,792744.34,16,ddg,
R82KDN15JP13,"DYNETICS TECHNICAL SOLUTIONS, INC.",ZL41ERXMPAR3,792598.00,4,ddg,
MEQJENNPRLG9,"MASS CRANE & HOIST SERVICES, INC",,788720.00,2,ddg,
LKXHMX1K3AC5,NATIONAL INSTRUMENTS CORPORATION,LKXHMX1K3AC5,781231.41,7,ddg,
Y3LKL3D6FNK9,VIABLE POWER CONVERSION TECHNOLOGIES INC,,781228.64,2,ddg,Y
NJBMT6E7P7B4,INTERNATIONAL WELDING & FABRICATION INC,NJBMT6E7P7B4,778400.00,2,ddg,
C3L9A8H3TWG5,"AERO NAV LABORATORIES, INC.",,777914.75,14,ddg,
QWM1XWLUFQM8,TRIDENT SYSTEMS INCORPORATED,QWM1XWLUFQM8,772861.52,10,ddg,
XA3VAXMUA9A8,"EAGLE INDUSTRIES, INC.",,761386.18,4,ddg,
GNH1FJWKY3G3,WEST PHILA BRONZE CO INC,,759395.50,20,ddg,
H12BMH6V6495,"PIMA VALVE, LLC",,752889.72,8,ddg,
HRJNGAUKL2Q2,"HI-TEST LABORATORIES, INC.",,747400.00,9,ddg,
MAKYNVTMNZX1,"TRAC REGULATOR CO., INC.",,745510.00,7,ddg,
T99DCLB5NRH7,"OCENCO, INCORPORATED",T99DCLB5NRH7,736400.00,3,ddg,
GWKMNJ89SCC5,MATERION BRUSH INC.,QT9LCNSYE637,733550.88,10,ddg,
NN4BTBUN58J5,"STRATUS TECHNOLOGIES, INC.",,729603.10,15,ddg,
PDZUR2FMYD89,RANGER ENVIRONMENTAL SERVICES LLC,PDZUR2FMYD89,727624.45,9,ddg,
E83TNKA9JCY6,AIR SYSTEMS COMPONENTS INC,XEQ3L57D2J24,718605.86,8,ddg,
JEDSVNSMLTN4,"OXFORD GLOBAL RESOURCES, LLC",MS5YBJZS9Y46,717600.00,1,ddg,
ML82LTYEBMQ5,ADVANCED OFFICE SYSTEMS INC,ML82LTYEBMQ5,714963.00,10,ddg,
XLLQN8Q4P7M1,"WANNER ENGINEERING, INC.",,714400.00,2,ddg,
ZA7HPV7XXUE3,"MERRILL TECHNOLOGIES GROUP, INC.",ZA7HPV7XXUE3,710862.15,7,ddg,
KK9FFUUML8N1,ABC APPLICATORS INC,N1UBBGCNNB38,710791.54,3,ddg,
J632BG3ZB8L9,"TTM TECHNOLOGIES, INC.",,704067.04,3,ddg,
GKN9NW23L2L9,"HYSPAN PRECISION PRODUCTS, INC.",GKN9NW23L2L9,702632.00,11,ddg,
SLTUM1DV4433,"PARASENSE, INC",S987C2WHMF29,700400.80,13,ddg,
WEK3JBN7G6L7,ADMIRAL FILTER COMPANY LLC,,699790.80,6,ddg,
HK1VJ4NJ6QN7,Lovejoy Curtis LLC,H4FZBFXLJ636,696459.20,16,ddg,
RDRYVJJX3NA5,"ELECTRO STANDARDS LABORATORY, INC.",,696115.18,7,ddg,
LQP7LJVDX6M6,"WESCO DISTRIBUTION, INC.",LU7KP9UJJ5L7,696099.81,9,ddg,
WAK3LFCLKJR4,BELL STEEL COMPANY,WAK3LFCLKJR4,689171.00,10,ddg,
N9DVRB18H324,ELLWOOD CITY FORGE COMPANY,SVXNHLLWX953,680431.00,2,ddg,
ZBAJWJYVWC49,"UNITED BUILDERS SUPPLY CO., INCORPORATED",ZBAJWJYVWC49,677141.85,12,ddg,
UZKRMH51VMJ5,"PAR SYSTEMS, LLC",C6CLJKP7D441,671002.00,1,ddg,
PHZDZ8SJ5CM1,CDW GOVERNMENT LLC,DNDLL934GK55,670807.32,9,ddg,
EB3GK67LJFR1,"SCHWEITZER ENGINEERING LABORATORIES, INC.",EB3GK67LJFR1,670452.00,3,ddg,
KTMAJCY6JXM3,"LEIDOS, INC.",ZL41ERXMPAR3,668772.00,6,ddg,
Z2M4Q4H6TKM3,"DAWSON-MACDONALD CO., INC.",,667694.00,13,ddg,
EAZVTUEVK9J9,AIRLINE HYDRAULICS CORP,EAZVTUEVK9J9,663456.60,8,ddg,
XK68QNYRQCH8,"AMERICAN BOA, INCORPORATED",K1M4HECUHKR4,661830.00,8,ddg,
EP6JXEP15RF3,"GENUINE CABLE GROUP, LLC",LPNPM5FBDS29,660281.00,4,ddg,
GLT9FNADUMA4,ALLIED WIRE AND CABLE LLC,GLT9FNADUMA4,658362.30,4,ddg,
E5NZAXG4MNB7,MURRAY BENJAMIN ELECTRIC CO LLC,,654870.65,9,ddg,
CJ8CQLEM2RW3,SYSCO USA II LLC,HTHZV61C5DV8,646242.36,6,ddg,
WYN3NM142HF3,THE LEE CO,WYN3NM142HF3,645240.20,6,ddg,
V16LFA3JDR14,Limitorque Corporation,,639463.20,8,ddg,
VKM2EJNZJ367,"MANDEX, INC.",VKM2EJNZJ367,637216.63,5,ddg,
MK6AGEN4XM53,"POWERSTATION, LLC",MK6AGEN4XM53,634961.00,4,ddg,
XSVGNUK78U74,BAC CORROSION CONTROL A/S,N59KLKMGK7T6,634551.79,9,ddg,Y
U517SU1EZGK9,"CHALMERS & KUBECK, INC.",U517SU1EZGK9,633367.00,13,ddg,
G42SVPMNBDA1,THOMSON LINEAR LLC,,628734.04,6,ddg,
K5CLWKFJGGB9,"BEAR MACHINERY, INC.",K5CLWKFJGGB9,628331.00,4,ddg,
DH7CZ5SHWTN7,"CRITICAL COMMUNICATIONS, CONTROLS AND INSTRUMENTS, LLC",,619272.49,8,ddg,
JMFNDVNJ67A3,CM-MATRIX CORPORATION,,599850.00,10,ddg,
Z3KHMUV8E999,"JAN ELECTRONIC SUPPLIES, INC.",,598076.22,17,ddg,
KDWVFE3K1TL3,MOOG INC.,L4ZMKLM4MPL3,591638.00,4,ddg,
XK8VBJ94L4E9,"AEROSPACE SUPPLY, INC",XK8VBJ94L4E9,590740.00,7,ddg,
UPMWNA8Y25L1,"GEODETIC SERVICES, INC",,590092.60,11,ddg,
C4C1WKKFJ8H5,ENERGY RENTAL SOLUTIONS LLC,,588737.00,7,ddg,
E6KQEMMCJ9B6,"ATRENNE COMPUTING SOLUTIONS, LLC",JVPJXP6A4DF8,587705.00,3,ddg,
V6FJCB53JDK7,"RURAL ROUTE 2, LLC",V6FJCB53JDK7,580150.41,8,ddg,
V1XJX2JT3JK1,VECTOR NORTH AMERICA INC.,P3S2F1HKFDM4,579581.00,7,ddg,
CZKYJKB7H9J7,"VEGAS FASTENER MANUFACTURING, LLC",RBANKF6MUJS9,578012.22,12,ddg,
VD5WUGZUCJ44,"Triple Son Wholesale Timber, Inc.",,575435.00,6,ddg,
JFEWJZWTH4W4,The Tool House Inc,JFEWJZWTH4W4,571515.50,5,ddg,
M618ETNNYA77,DROITCOUR COMPANY,,570415.52,8,ddg,
GE3JLF1PZBM8,RETLIF INCORPORATED,GE3JLF1PZBM8,570071.51,12,ddg,
NHA2LDXZPES3,ITT ENIDINE INC.,TCCLSQU7ZMW5,570048.40,6,ddg,
FRJQGQHDX4J3,"L3 TECHNOLOGIES, INC.",SJULQDJ8NZU7,567051.80,2,ddg,
JU7ZGUDEJA79,RAILWAY SPECIALTIES CORPORATION,,564730.00,4,ddg,
JHKFCL4CT7L6,"FACILITIES ENGINEERING ASSOCIATES, P.C.",,552005.00,15,ddg,
DN8HGRSV3LA6,OUTLAND TECHNOLOGY INC,,548900.00,9,ddg,
N1MARKMJYJU3,"BRANTNER AND ASSOCIATES, INC.",MPCXJJQJAL83,545288.00,2,ddg,
GMVJD1H9JQX8,"MICROFLEX, INC.",GMVJD1H9JQX8,543532.00,6,ddg,
MWCVNKNHLF53,ATI LADISH LLC,MCZLJUKD4BD4,542568.00,5,ddg,
DKKYHHPUBT58,COMMERCIAL EXPRESS HVAC LLC,,540880.00,1,ddg,
MQHCDMP17GK7,DRAKA CABLETEQ USA INC,EBJCZNYDQDH8,539158.46,2,ddg,
FGELS2KFR825,"AMEE BAY, LLC",ETNKUJ6T6L26,538372.00,2,ddg,
NNJRRSR2XFB5,"TRANSFER ENTERPRISES, INC.",NNJRRSR2XFB5,535504.28,6,ddg,
NGE4ALP2M661,"WEAVER SUPPLY COMPANY, LLC",,529469.50,14,ddg,
NB21QESAKUM9,L3 TECHNOLOGIES INC,SJULQDJ8NZU7,528930.00,2,ddg,
TYQ7WJJPGH91,ANIXTER INC,HT2SC8NC87E1,528000.00,1,ddg,
QFG7EC12DQK4,"UNITED RENTALS (NORTH AMERICA), INC.",DZ4JXAPAU222,527182.00,12,ddg,
WMCUE58SZBD3,MILLER ELECTRIC MFG. LLC,RTYDEXYNEZS1,526652.00,3,ddg,
PQXWA9BB6UJ6,"PULSCO, INC.",S9HRDMLBL795,525648.00,2,ddg,
CW7HJMUQB621,"ECI DEFENSE GROUP, INC.",,522842.52,1,ddg,
UWH5HRSJ5ES7,AUTOMATIC COATING LIMITED,,521075.37,2,ddg,Y
TKE2CB4A5YW4,HONEYWELL INTERNATIONAL INC.,YBVGQEYENNM6,516035.00,7,ddg,
K5WVCD4GUK41,JONATHAN ENGINEERED SOLUTIONS CORP.,K5WVCD4GUK41,515611.16,17,ddg,
KDKVNQBN2Q53,"Barnhart Northeast, Inc.",M2MJR8KTEQU9,514820.00,7,ddg,
H5YBZ3M7LKG3,"HAYES PUMP, INC.",H5YBZ3M7LKG3,513738.40,2,ddg,
LNU9THQFHLR5,TRIFAX LLC,,513104.40,1,ddg,
E5XTWRMQAZN1,APPLIED PRODUCTS INC,Y32LYMHRGTL8,511327.26,3,ddg,
MKGCWL2DHBT4,MARINE TECH WIRE & CABLE INC,MKGCWL2DHBT4,510370.00,2,ddg,
M6ZTA4NZGLQ5,"ANDERSON METAL INDUSTRIES, INC.",,504963.57,13,ddg,
JQHDLX7VEUC1,"HUISH OUTDOORS, LLC",,504900.00,3,ddg,
RGFBAKWWL465,MARITIME APPLIED PHYSICS CORPORATION,,504501.59,4,ddg,
CHSCLZAAPTQ3,PULSAFEEDER INC,GHH5AMJ8C896,499652.00,5,ddg,
EFVKMVKJ7WA4,FIBA TECHNOLOGIES INC,,491718.00,1,ddg,
TGUHUW52MLE3,NIANTIC SEAL INC,Z7NHE6ADMH29,490579.92,10,ddg,
XGUEGCF761T9,THE LOUISIANA ASSOCIATION FOR THE BLIND,XGUEGCF761T9,485851.30,7,ddg,
LX5BF78ZTHW4,"Hdt Expeditionary Systems, Inc.",SPJDDHTQBSY9,485170.00,8,ddg,
EPHBJMLFMGL7,"STACO SYSTEMS, INC.",K2JGXQQ8HLE5,481162.24,5,ddg,
GJ9JBJ7B7FB5,G.S. BLODGETT CORPORATION,GQ6ADGRCXZ54,480773.00,4,ddg,
NNNPMB5KA1V6,DENNEY PLASTICS MACHINING LLC,,480687.31,11,ddg,
UN3TBWQUCQN4,DELTA-ELECTRO POWER INC.,,479686.00,5,ddg,
K574V7KEQUC8,"CIRCOR AEROSPACE, INC.",U45EH8WMNF55,476401.56,2,ddg,
EEJPJ342F3P1,"TABET MANUFACTURING COMPANY, INC.",EEJPJ342F3P1,475860.00,7,ddg,
GHJ6L9RLAR65,WILSON TOOL INTERNATIONAL INC.,GHJ6L9RLAR65,475530.00,3,ddg,
HF33ZG3KCKL5,LORD CORPORATION,X97ZECBY6573,474069.50,4,ddg,
NSEVFLRKSUV1,"NITCO, LLC",ENB9DTFH6MP8,472330.00,4,ddg,
MXDKLLXB3EK7,B&G MANUFACTURING CO INC,MXDKLLXB3EK7,471922.00,5,ddg,
HRLNLKRL4YE4,"CHAMPCO, INC.",,470244.49,10,ddg,
CPSRQJC6C379,"SECURE COMPONENTS, LLC",,462545.00,1,ddg,
T3DYDNW4KVC7,"KAUFMAN COMPANY, INC.",,461926.59,4,ddg,
FNQSY3S2MCM9,"STS OPERATING, INC.",RU42J22YFWW5,458436.57,10,ddg,
QD5WJVX8YGD3,"PHENIX TECHNOLOGIES, INC.",,457500.00,1,ddg,
MKVJLXA9AJA5,"MILLER SHEETMETAL, INC.",,457000.00,2,ddg,
HA3GWLK3JK58,Evoqua Water Technologies LLC,WMKNZ361LYM4,453718.00,2,ddg,
GEZPNX8Q2RM3,"STS OPERATING, INC.",RU42J22YFWW5,453220.00,3,ddg,
LSGYNGHKB863,"DEBAN ENTERPRISES, INC.",,450605.00,10,ddg,
VBFXNRMUYSK6,NTS TECHNICAL SYSTEMS,KQP8TDGEJBK3,450427.00,6,ddg,
WJHBHQHC1RJ6,STEEL CONSTRUCTORS LLC,,450396.00,3,ddg,
GNFJGT9MKJW5,"CONNECTICUT VALLEY INDUSTRIES, LLC",,450329.00,4,ddg,
FX3GHG9B79N5,"TC/AMERICAN MONORAIL, INC.",FX3GHG9B79N5,449000.00,1,ddg,
DZVSKE3ZKRV4,"IE TEST, LLC",,445095.06,6,ddg,
GCDKJTM3RJX6,"RAPID DEPLOYABLE SYSTEMS, INC",GCDKJTM3RJX6,443890.00,2,ddg,
J2DMF1YRKD96,STANDARD CALIBRATIONS INC,,439986.23,8,ddg,
LK9BTBWNLY96,BEK INC,EA52ZMBH4YG7,439864.50,7,ddg,
QH1NZM6TK6C9,"TEATR MUZYKI I POEZII P/R E.KAMBUROVOI, GBU",,436857.04,4,ddg,Y
EARSLY8TTEC9,REDBUILT LLC,FH3GTQ8ZKNT8,434031.36,9,ddg,
H33DK44BJZE1,HAWTHORNE MACHINERY CO.,H33DK44BJZE1,430600.00,4,ddg,
DSMPCQLY6953,"BLUESTEEL CYBER SECURITY, LLC",,428160.00,5,ddg,
H4XMKMGRFLH4,"COB INDUSTRIES, INC.",H4XMKMGRFLH4,426381.90,5,ddg,
MYNQR7KVKSA6,SCHNEIDER ELECTRIC SYSTEMS USA INC,KSFXGBDLNG74,425449.13,1,ddg,
HYN4GBTR6TF3,GULF COAST MARINE SUPPLY CO,HYN4GBTR6TF3,424677.44,7,ddg,
ZFN4LWA82L53,"ARS RECYCLING SYSTEMS 2019, LLC",,424448.17,3,ddg,
PVUKF83PZZM6,"INTEGRO, LLC",,418200.00,3,ddg,
NHDSASKCSSS9,SUPERIOR-LIDGERWOOD-MUNDY CORPORATION,EYXEF9DML9L7,417199.75,2,ddg,
KN2BBGWNLKJ8,"ASCO POWER TECHNOLOGIES, L.P.",PG7AZJQMRL27,415340.00,1,ddg,
MKRCHD2CBAY1,HAMILTON SUNDSTRAND CORPORATION,PPLZG8J3N9D4,411280.12,7,ddg,
WQAKKCKH9LM8,"SECURITAS CRITICAL INFRASTRUCTURE SERVICES, INC.",JQTLH33SXNQ7,407587.05,2,ddg,
LGWMGNMDN987,"THORNTON TOMASETTI, INC.",HRMQNK5ED447,406000.00,3,ddg,
VJSTD8U7QBD9,SAFARILAND LLC,ML28DU1R7P77,401680.00,8,ddg,
N8D3ZCX4AXH3,AIRGAS USA LLC,CL4ZKLFK5DR3,399551.88,3,ddg,
JN14RTY2BEZ5,H. C. STARCK INC.,ZKKURBCSEX58,399374.40,4,ddg,
XTB5UHKL6VE8,"SEA-TECH PRODUCTS, INC.",,399208.00,4,ddg,
P2LCCMCFB788,ECOMASS TECHNOLOGIES LP,U7JWYPC9CQB5,391500.00,1,ddg,
M5HPA6U5LF26,"NEW ENGLAND MECHANICAL SERVICES, INC.",RJTAYN8QLWY1,390470.00,4,ddg,
YULJLSW1N2G4,CYGNUS L.L.C.,,390000.00,1,ddg,
LJLZRNS9DYC6,Anixter Inc.,LU7KP9UJJ5L7,389474.77,5,ddg,
JJRDPJY9GQA8,FLETCHER CONSTRUCTION CO INC,,389429.76,12,ddg,
J6DMEL935CD1,XYLEM INC.,J6DMEL935CD1,387894.30,10,ddg,
K8E7AWK9FHD4,HPS FABRICATIONS INC,,387000.00,1,ddg,
HMCHY1Y3NCG9,SPECIALTY BAR PRODUCTS COMPANY,NTUCRA5YV1N5,386617.44,11,ddg,
N5H9R8EN75V9,"MOTION INDUSTRIES, INC.",DZ8RD2EBBMK5,386255.20,9,ddg,
Y9KTFBR51N11,"BRONCO ELECTRIC, INC.",RLQSWT8EFHK6,385196.72,5,ddg,
R1M8JJH7J5W5,"JOHNSON BRASS & MACHINE FOUNDRY, INC.",,384402.00,8,ddg,
CP1HCZ82DJL7,NC PRECISION LLC,,380644.26,9,ddg,
CWM4UN76ZQW8,LOCKHEED MARTIN CORPORATION,JSQTW5L2SSM1,378151.00,3,ddg,
JLREE96WGKM5,LAUREL TECHNOLOGIES PARTNERSHIP,W8PTMRME1496,377862.00,4,ddg,
EJ8LYVPT4KR9,"WHITMOR COMPANY, INC., THE",EJ8LYVPT4KR9,376604.00,8,ddg,
JJGGMB8XQPV7,L. L. ROWE COMPANY,MPCXJJQJAL83,371895.84,1,ddg,
KKRXVDJZQ5V5,KEYSTONE FIRE PROTECTION CO.,KKRXVDJZQ5V5,371851.00,7,ddg,
CHJNFCBMNJS3,"OCEANEERING INTERNATIONAL, INC.",XBVZKN1HH445,369441.00,1,ddg,
J3HWENQMNG69,"ARCADIA MANUFACTURING GROUP, INC.",J3HWENQMNG69,367666.73,11,ddg,
U8SDJVH8SQ19,CITY ELECTRIC SUPPLY COMPANY,LWUJSY6EEMS5,365660.36,5,ddg,
DP49VT4FA4J3,"ADA CORE TECHNOLOGIES, INC.",Y884HM6MN5F4,364638.80,4,ddg,
DLLCKA14LMZ5,"Merrill Aviation, Inc.",,359761.96,4,ddg,
VE86LWM6ABF6,MASON FOREST PRODUCTS INC,VE86LWM6ABF6,358246.20,3,ddg,
RJZKELTAHBM5,"POWER CONVERSION TECHNOLOGIES, INC.",TPMWFAWVG1N8,356115.00,6,ddg,
K572F32CSLG5,MANPOWER INC.,,355450.00,2,ddg,
RYYRAAAGPXB5,"Stockert, Laura",RYYRAAAGPXB5,352453.12,5,ddg,
GWLQXM7YKVA5,Pro Design,,350000.00,2,ddg,
S1TGQ9L36486,"TOOL-SMITH COMPANY, INC",S1TGQ9L36486,348179.55,7,ddg,
CR39JL3216G7,NEWPORT NEWS NUCLEAR INC,F9SDJAZFTLG6,347839.55,25,ddg,
L14LNGXH8M26,CURTIS WRIGHT BUILDERS LLC,,346500.00,2,ddg,
UGQ9ZMC59WA6,"CABLEWORKS, INC.",,346214.42,4,ddg,
QF3MD1MU1651,"ECHELON SUPPLY AND SERVICE, INC.",EWD8TDAHE164,344316.11,5,ddg,
VWX3JEES4FF7,TRIMAN INDUSTRIES INC,,342633.06,1,ddg,
KAFVDV3C5BN1,"321GANG, INC.",,342322.01,7,ddg,
J7JGTBNSM619,MEGATOR CORPORATION,,337062.19,10,ddg,
FD69PPCVM2B8,PASCAGOULA LAUNCH SERVICE INC,,334975.00,7,ddg,
GJU6WW45U4F4,ARROWHEAD GLOBAL LLC,,334931.10,2,ddg,
JL4THZCMNKR7,JACKSON PLATING CO,,334433.01,6,ddg,
K8FJZDHMEP65,AMERICAN VULKAN CORPORATION,KLLANFLBFBA3,333662.00,1,ddg,
C78RLSNKVJJ4,"CONTRACT FURNITURE OPTIONS, INC.",,332454.59,1,ddg,
ZZAPAMK4XF22,"VELTRE ENGINEERING, INC.",DXHFNUEKWQM9,331914.00,7,ddg,
FNQARYRJJEL5,COSPOLICH INC.,,329436.19,8,ddg,
MBMCF42D4CF7,"CLEAN HARBORS ENVIRONMENTAL SERVICES, INC.",KBNWTC65LYM5,329318.56,4,ddg,
X4M2SP7V9BC6,"METHODS MACHINE TOOLS, INC.",X4M2SP7V9BC6,327000.00,1,ddg,
PMEEVBBB7418,DUCWORKS INC,,326418.00,1,ddg,
E144Y6P6NLN9,"HOPE GROUP, LLC., THE",PFUMVMAUF5K2,326284.93,2,ddg,
HJFAW5KCG7N7,"MAST TECHNOLOGIES, LLC",MENSE2ENG8J6,325739.75,4,ddg,
FVFNV3NERP36,"POWERSTAR, INC.",,323611.00,5,ddg,
JCBMLGPE6Z71,BOOZ ALLEN HAMILTON INC,MBPHTU7Y9S65,322356.06,1,ddg,
KP4JKHFBESJ7,CRESTCHIC INC,CW8GV1H3JTC9,321703.95,2,ddg,
MYDWUALGXBL5,BIOMATED SOLUTIONS LLC,,317435.00,8,ddg,
MP94VMTR2DX4,Preece Incorporated,QAANUA3XNWD3,316358.00,4,ddg,
E3WFXJMWH458,"ADVANCED THEODOLITE TECHNOLOGY, INC.",YSGPUVNKVME1,315236.86,4,ddg,
T5PEM8N1QE25,AMRON INTERNATIONAL INC,T5PEM8N1QE25,314010.00,4,ddg,
TSJLBQWEYD73,CUSTOM MAGNETICS OF CALIFORNIA INCORPORATED,,310548.00,2,ddg,
VM23NJLXLCK9,"G. O. CARLSON, INC.",VM23NJLXLCK9,310429.85,4,ddg,
JM2GNDJLDWL5,ADVEX CORPORATION,JM2GNDJLDWL5,310109.00,2,ddg,
WVERJSJEZ4U8,"LABORATORY TESTING, INC.",WVERJSJEZ4U8,309649.01,3,ddg,
PRNKGJL4NQH1,OMEGA ENGINEERING INC,EG67WFES7DT3,309249.28,6,ddg,
HFL7UADKYZ52,"BARNHART NORTHEAST, INC.",,307645.00,3,ddg,
CQLFMKPGRUQ3,"TEVET, LLC",CQLFMKPGRUQ3,303401.91,6,ddg,
H3NAF151Y5A4,"RICHARDSON ELECTRICAL CO., INC.",,303172.52,6,ddg,
D6BPMCKP2FE4,"O.C. LUGO CO., INC., THE",D6BPMCKP2FE4,302441.60,2,ddg,
VWKKJWTHS2W4,"AIR MANAGEMENT SOLUTIONS, LLC",,302000.00,3,ddg,
V62NC51F7YV1,UNIVERSITY OF DAYTON,V62NC51F7YV1,301923.00,3,ddg,
MTDAPRCB1BJ1,"JETSTREAM OF HOUSTON, LLP",M18SGN9VAEX5,301246.55,4,ddg,
TCFSL93JH8Y9,"GRYPHON MARINE, LLC",DUN6EJ4H75K8,300000.00,2,ddg,
DQ8FL1MAR4K5,"NAVAL AND MARITIME CONSORTIUM, INC.",,300000.00,1,ddg,
ED16VKVTCHC8,ECI DEFENSE GROUP INC,ED16VKVTCHC8,299984.52,1,ddg,
R71XN254HA36,AKRON BRASS COMPANY,XGKMK9LBC344,298618.00,6,ddg,
DTCND1MN7J15,ASPEQ HEATING GROUP LLC,LTJZX6G2X7Z1,297880.58,9,ddg,
KQJTYTVTATY8,"NORTH ATLANTIC INDUSTRIES, INC.",KQJTYTVTATY8,297472.00,2,ddg,
L6EMG925NF78,KADANT UNAFLEX LLC,QLMUV48L7HP4,296055.00,7,ddg,
VV9KH3L99VE3,INTERNATIONAL BUSINESS MACHINES CORPORATION,J64CSQTQNRC1,293823.10,1,ddg,
C1PGRWC26153,EXLAR CORPORATION,PF8PJNVEPTJ1,292320.00,2,ddg,
SBJMSMKJ9M93,"Fitchburg Welding Co., Inc.",,291817.00,6,ddg,
KHN9PQ6VZ756,MIDSTATE INDUSTRIAL SUPPLY INC,,291700.00,4,ddg,
M2XAYNY2P889,"POWELL ELECTRONICS, INC.",M2XAYNY2P889,291165.42,3,ddg,
RL6KA2EUSUC8,ABACUS INDUSTRIES INC,,291033.37,5,ddg,
RNWJCAQL4ZD7,"EIMC, LLC",,290000.00,3,ddg,
YFAKM74HKAT9,"RZ DESIGN ASSOCIATES, INC",,289500.00,2,ddg,
M1BVCGDKJ1L7,RAYTHEON COMPANY,KLW3ZYL15493,287229.00,2,ddg,
FMNVM66XGFY7,"WIND RIVER SYSTEMS, INC.",H5LMK955XVK1,286500.00,2,ddg,
GMBZL1B9YMW9,AW GIFFORD INC,,286291.10,7,ddg,
V6JXCLR8QR37,RHINESTAHL CORPORATION,K1K5EKJ2KK29,286220.00,4,ddg,
UQAZXXVGB933,"SYSTEMS INTERFACE, INC.",UQAZXXVGB933,284491.00,9,ddg,
YLQMY5SGNE55,3M COMPANY,YLQMY5SGNE55,284441.63,3,ddg,
DCCUGA3QXCY5,"RIESBECK CONTRACTING, INC",,282122.00,2,ddg,
X25CWCMUL417,"CARLLO, INC.",,280000.00,2,ddg,
NK1RB5VKXES9,DETROIT SWITCH INC,,278257.92,9,ddg,
FH8KQEYJMGL3,LORD CORPORATION,X97ZECBY6573,277339.00,2,ddg,
XNR9ZJ9VKZG5,"TEMEKU TECHNOLOGIES, INC.",XNR9ZJ9VKZG5,277250.00,1,ddg,
GMK1MSRKPVA9,ALFA LAVAL INC,GMK1MSRKPVA9,276960.18,3,ddg,
FREEMCLKFXE3,BATH IRON WORKS CORPORATION,VF58HFRNGEL8,276163.09,3,ddg,
PCELDZMEAL25,"MICROPORE, INC.",,274035.00,2,ddg,
DKLBZLX4D674,"L&C PROTEC, INC.",,273000.00,1,ddg,
EWDVBA6GPR39,PAVION CORP.,,270000.00,1,ddg,
LGEFMM39NGN4,ANIXTER INC,,269360.00,3,ddg,
GN84UHWZJMR8,"DAYTON T. BROWN, INC.",GN84UHWZJMR8,268800.00,17,ddg,
ZVCNH5GL1Z83,Core Active Fixed Income,,268016.00,4,ddg,
E383LRP25MY6,YOUNG ENGINEERING COMPANY INC.,,266494.96,6,ddg,
PB11V1KH3KV4,SOUTHWEST RESEARCH INSTITUTE,PB11V1KH3KV4,264842.00,8,ddg,
V7GQF5M7C667,SOUTHERN GEAR & MACHINE INC,,264425.32,7,ddg,
CFLHPEP9NMU4,HUBBS MACHINE & MANUFACTURING,,263830.00,6,ddg,
WCDSL3DNJLY1,GOVERNMENT SECURE SOLUTIONS CGI INC.,ZAE4Z2SYMST2,263778.00,2,ddg,
E844ZKYNKDX4,"MECS, INC.",X62UR1BYLVG1,262435.00,4,ddg,
CAAPQGM9QL17,SOUTH BAY CABLE CORP.,CAAPQGM9QL17,261000.00,2,ddg,
KW5KQJB1FJL7,"S.R. MARTIN GROUP, LLC",,258757.00,1,ddg,
GU9WXNREUPZ1,FORENTA LP,DJ4XUHDKTH71,256637.00,9,ddg,
CEZLBLUFVYT9,"BITTWARE, INC.",F161APAUMLD7,254352.00,2,ddg,
GN82WS7LRJ77,SPACE MACHINE & ENGINEERING CORP.,,253666.96,4,ddg,
HFK9V1G2B513,"MOTOROLA SOLUTIONS, INC.",G2LUXP8ND8U6,252053.40,2,ddg,
DB33FU6GGYE7,BLACK KNIGHT ENTERPRISES LLC,,251854.94,5,ddg,
DKVRL7NKED25,"STEELMASTER BUILDINGS, INC.",DKVRL7NKED25,249420.40,1,ddg,
CVJTFQR1LB55,"NORTHEAST STEEL STRUCTURES, LLC",CVJTFQR1LB55,249189.00,1,ddg,
U8SAS3VH6J38,AK INDUSTRIAL SERVICES LLC,,247207.25,8,ddg,
K7WHM32LWU64,"IVEY'S CONSTRUCTION, INC.",K7WHM32LWU64,244425.00,1,ddg,
D3QJN3GXFR53,"LINCOLN ELECTRIC AUTOMATION, INC.",NA1PAN9A9F15,244335.00,3,ddg,
CLJ5AQLQ8L29,"MACKAY COMMUNICATIONS, INC",CLJ5AQLQ8L29,243821.00,1,ddg,
N3K7U4MKPSE4,"J & R TOOL, INC",,243627.00,1,ddg,
W7FFRAVN1DA9,"SECURESTRUX, LLC",W7FFRAVN1DA9,242720.00,1,ddg,
F1N2KDGBDTU8,"DLT SOLUTIONS, LLC",Q9MRTNQZ3K94,242098.06,4,ddg,
JZXZSN3BBL98,SIEMENS INDUSTRY INC,JZXZSN3BBL98,241616.96,3,ddg,
GJEUJECUQNN6,L-3 CHESAPEAKE SCIENCES CORPORATION,XXP4PLFFFGK9,241345.80,1,ddg,
WDZDHBA8ZJX8,"Airgas Usa, LLC",CL4ZKLFK5DR3,241166.97,2,ddg,
ZYRVDBTNPD25,UNITED REFRIGERATION INC,Y7HRJMWG5HN9,240508.78,2,ddg,
CBY1P9UHMVK1,"D.S. SEWING, INC.",,235923.32,5,ddg,
FECPDA1S8WJ1,D. W. BOYD CORPORATION,FECPDA1S8WJ1,233751.07,4,ddg,
MFGMH9R7GMG3,"FORCE 3, LLC",H6DDCK12JBM7,233053.31,5,ddg,
C59LDR2KN4U6,"Fin-Tech, Inc.",,232024.00,10,ddg,
KFF4DTT9LFJ3,"KELLY CONTAINER, INC.",,232000.00,2,ddg,
LR8MS4H7N2U5,AUTOMATED PRECISION INC.,LR8MS4H7N2U5,231171.51,3,ddg,
L66VDJVM3VP6,KEYENCE CORP OF AMERICA,ND7DTJ18YXU8,230609.96,4,ddg,
LF6XHQGSAXB9,"TECHNIFAB PRODUCTS, INC.",LF6XHQGSAXB9,229593.00,4,ddg,
RANZTST3FQU3,SID TOOL CO INC,,229442.09,3,ddg,
G5W8NZNYN1P6,BRISTOL HARBOR GROUP,,228920.00,4,ddg,
YXMXTJMDPJR7,"FAXON ENGINEERING COMPANY, INCORPORATED THE",YXMXTJMDPJR7,228565.60,7,ddg,
JKJMKFAFH8B9,WRIGHT LINE LLC,MBJ8ANU347W7,227858.75,5,ddg,
H1J9UJSSTB98,"AIRGAS USA, LLC",LP68L55MKK16,227080.14,5,ddg,
NYWQLNAXE9G4,"ISLAND HOSE & SEALS, INC.",,226615.20,2,ddg,
WF99GAJKQAL5,NTS TECHNICAL SYSTEMS,KQP8TDGEJBK3,226296.10,14,ddg,
HBLRJ28LNM16,GE AVIATION SYSTEMS LLC,JRZ1WHXAKBM3,225686.82,4,ddg,
MSSQQ551LG41,"IMPRES TECHNOLOGY SOLUTIONS, INC.",,222609.64,3,ddg,
YYVHWZMPP3F8,"DRS NAVAL POWER SYSTEMS, INC.",,221185.00,1,ddg,
L6V2CGVQP844,RDF CORPORATION,,219104.00,4,ddg,
TCSFXP5TD5P6,"BLOWERS, LLC",,218568.00,2,ddg,
UE9ZP9KJKQ67,AMERICAN TOOL COMPANY,UE9ZP9KJKQ67,218272.00,1,ddg,
SVHJHMJH65S8,ULTRA ELECTRONICS OCEAN SYSTEMS INC,SCWYXXK1EM13,218178.00,5,ddg,
GJDDKRPHXAL5,A. M. CASTLE & CO.,GJDDKRPHXAL5,216795.84,3,ddg,
FG7CGCHSNML9,L-3 COMMUNICATIONS CORPORATION,XXP4PLFFFGK9,215700.00,1,ddg,
D28HQ4AA2ZL8,"EFFORT FOUNDRY, INC.",,215644.00,5,ddg,
Q7CGW8NCRGJ6,"TRANSDIGM, INC.",UAC2KLJM4XY1,214814.00,3,ddg,
KU8MSC4HELN8,"TRANSDIGM, INC.",UAC2KLJM4XY1,212100.00,3,ddg,
TFBXC11G77F3,BLACK BOX CORPORATION OF PENNSYLVANIA,T68XSQLJ53F5,212070.17,4,ddg,
YLHLLLEUTKC1,"TELEDYNE FLIR SURVEILLANCE, INC.",SQ2DSCE69F15,210456.00,2,ddg,
QT8MN8A81NB7,NGB CORPORATION,QT8MN8A81NB7,209920.00,4,ddg,
C1VMWS2KV645,"OMNI SERVICES, INC.",C1VMWS2KV645,209192.76,5,ddg,
CMPLJR3G8K76,FOLEY INC,CMPLJR3G8K76,208791.43,1,ddg,
H2X6CQSJHQL4,WESTERN BRONZE INC,,208450.00,2,ddg,
G8HNS2EJYJU6,"BUFFALO MACHINES, INC.",,208180.80,5,ddg,
EHRJCSUERKU3,EATON AEROSPACE LLC,MBJ8ANU347W7,206900.00,2,ddg,
XECCFU26TTP9,"Moniteq, Inc.",,206839.85,5,ddg,
NH4LSVC35EH7,"LAIRD R & F PRODUCTS, INC.",K5K4P6AY7QM8,206296.00,1,ddg,
KNY4J2WMVJX3,"ASC ENGINEERED SOLUTIONS, LLC",QXH3CKUV5KP8,206026.69,3,ddg,
WLHBRDWEW7T4,"ABACO SYSTEMS, INC.",WLHBRDWEW7T4,204606.50,3,ddg,
DYJZZ9DANLM3,Ralph & Dorothy Moore,,204240.00,5,ddg,
QJCBMJ8NX5P5,"FOAMPAK, INC.",,203344.61,2,ddg,
YQXBZHMXEVE5,THE MATHWORKS INC,YQXBZHMXEVE5,202794.00,3,ddg,
PZK1KSXFFNX9,FREEDOM POWER SYSTEMS INC,PX7XVJDX7TZ7,202054.30,2,ddg,
CYJ3L6SQANB4,"SPARTON AYDIN, LLC",DTXMJMGMQ655,201844.00,4,ddg,
DBQGN324ULK3,"W.W. GRAINGER, INC.",DBQGN324ULK3,200967.16,6,ddg,
PGNTKH2XZAN5,"DEFENSE TECHNOLOGIES, INC.",,199816.28,3,ddg,
CBB5ZBL4F2G3,ENVIRONMENTAL CONTAINMENT SYSTEMS LLC,,199516.00,13,ddg,
F3KHJ1ESERD3,COMPU AIRE INC.,,199146.00,2,ddg,
SG53E41MRLM5,"DOGWOOD INDUSTRIES, LLC",,197948.00,1,ddg,
SMZQB2YVYM66,ROTRON INCORPORATED,N5KEKMFCWUR1,197162.00,3,ddg,
UXVTFYJT5PN7,"MARWAY POWER SYSTEMS, INC.",UXVTFYJT5PN7,197008.00,3,ddg,
WCJ5B9CQN5E4,"INNOVATIVE POWER SYSTEMS, INC.",TLBNBFUXEMK5,196840.86,5,ddg,
CWU4C613AB25,THE AIRFLO INSTRUMENT COMPANY,,196232.46,2,ddg,
F6JXYKQB4QL6,H.C. STARCK,,196192.48,1,ddg,
TRJPK4ELKDR3,M & P INTERNATIONAL INC,,195270.00,1,ddg,
NY66W8KMH427,"WALZ & KRENZER, INC.",NY66W8KMH427,193485.00,3,ddg,
Y7HTALFZANK8,"GENERAL MACHINE AND TOOL COMPANY, INC.",,193430.00,2,ddg,
M6N3M8GCHLN5,LAL ACQUISITION INC.,M6N3M8GCHLN5,193346.00,1,ddg,
NM8HVXPHLEK7,"JENSEN HUGHES, INC.",NM8HVXPHLEK7,192400.00,3,ddg,
NB2HLRTJJJQ7,WATTS WATER TECHNOLOGIES INC,NB2HLRTJJJQ7,192035.00,7,ddg,
MUW4M1JLNY19,DIXIE TANK COMPANY,,191265.00,3,ddg,
EN76W7CYJYN7,MARMON/KEYSTONE LLC,UU26FKF1MML6,190400.00,1,ddg,
YUHMEUENEET4,Lawrence Leasing Corp.,,188681.22,2,ddg,
ECVNHKM2CLS9,"PICKERING INTERFACES, INC.",R5RBSCTJTWZ6,186615.00,6,ddg,
Z7K8HUMNCZ22,"TRIPLE CROWN CONSULTING, LLC",Z7K8HUMNCZ22,183245.40,2,ddg,
FKEYGBAYJLH3,"MERCURY SYSTEMS, INC.",,181298.88,1,ddg,
D3NDZT2XLW83,"MARINE AIR SUPPLY CO., INC.",,180337.55,8,ddg,
Q54KG4JYEWE4,EPSILON SYSTEMS SOLUTIONS INC,TNSXP14JPJS3,180283.00,5,ddg,
YA5LYT9J7TX5,FLUKE ELECTRONICS CORPORATION,QATEDMDR46E4,180270.00,1,ddg,
LGM4LM5ZR9K9,"LUNA TECHNOLOGIES, INC.",SJHFCDGKJJC5,179500.00,2,ddg,
UJJWGFAEB7S8,JANUS ENGINEERING AMERICAS CORPORATION,,179242.00,1,ddg,
WH4DRDKB7RR8,SYSTEMS ENGINEERING SUPPORT CO.,,178375.57,1,ddg,
ZWNLUCV7JET5,TACOMA STEEL SUPPLY INCORPORATED,,174982.93,3,ddg,
VRTZQSMQ8615,"HARDING COMPANY, INC",CP8AJC3EDE93,174643.92,3,ddg,
PDBCMAYNN1V8,"CUSTOM QUALITY SCAFFOLDING, INC.",,173984.70,5,ddg,
W8RMNY6A3NT1,"FLUID DYNAMICS, LLC",W8RMNY6A3NT1,173648.24,2,ddg,
K8W2J2DS9FN1,"SYNOPSYS, INC.",K8W2J2DS9FN1,173500.00,4,ddg,
GJEXETZX4N96,SHIELD TECHNOLOGIES CORPORATION,GJEXETZX4N96,173310.94,4,ddg,
FA62JCF2JGN7,ENSAFE INC.,FA62JCF2JGN7,173066.00,3,ddg,
HKB9G8NZ5P66,"TEAM INDUSTRIES, INC.",HKB9G8NZ5P66,172436.00,2,ddg,
V8PKGG6NLKV6,"KIMLEY-HORN AND ASSOCIATES, INC.",EJ1QCT7HARC6,171366.00,2,ddg,
P2L5J5XEYCN3,"INSIGHT DIRECT USA, INC.",YNHKC9SDFWB3,171010.09,2,ddg,
DWMEGPGHBGY5,GENERAL DIGITAL CORPORATION,,170460.00,1,ddg,
HLAKD5J1DDG3,"KLH INDUSTRIES, INC.",,170320.00,4,ddg,
M6CTHGC91RG4,"MARTINEZ AND TUREK, INC.",,170020.00,3,ddg,
SEV3SLJYL173,"Ferguson Enterprises, Inc.",,169150.00,2,ddg,
Z85NS892LYA8,CHROMALOX INC,E2UWVCT7GDJ4,168364.00,2,ddg,
LRUMUHJRCT31,"ART ANDERSON ASSOCIATES, INC.",LRUMUHJRCT31,168237.00,3,ddg,
YK46GJRH4W87,"CONCURRENT REAL-TIME, INC.",YK46GJRH4W87,166118.90,3,ddg,
R7UCMAWL4H87,The Credit Scholars,,165200.00,1,ddg,
KPFHQNYN8R54,"PACKAGE ONE INDUSTRIES, LLC",,164757.46,3,ddg,
U4TBEJN3QV83,3M PURIFICATION INC.,YLQMY5SGNE55,164221.00,4,ddg,
Q4T8FLKDSNQ3,TREK CONNECT INC.,,164220.52,4,ddg,
SLBCZQAMG3Q1,"Solflower Computer, Inc",,164005.00,5,ddg,
HW3GLNH2M767,INTEGRATED SECURITY & COMMUNICATIONS OF NEW JERSEY LLC,,164000.00,1,ddg,
SBKKUUHKGXQ1,"GENUINE CABLE GROUP, LLC",LPNPM5FBDS29,162325.00,3,ddg,
DLRDDPVKLLA1,"HEGEDUS ALUMINUM INDUSTRIES, INC",DLRDDPVKLLA1,161748.60,4,ddg,
LYKSDHA54JA4,"MILDEF, INC.",,161629.96,2,ddg,
JCY9NCTJF9J3,AIRSAN CORPORATION,,158026.51,10,ddg,
P3ZZEMCBYSK7,"JANSENEERING, INC.",,157868.25,3,ddg,
SDK4H5KCAHD7,UNITED ELECTRIC CONTROLS CO,MG7DTFNAUC53,157260.00,3,ddg,
JLUZRMMLKQ47,"WODIN, INC.",,156756.40,2,ddg,
Z31MCJ7P45T1,"CORE MANUFACTURING, LLC",,155620.00,4,ddg,
LRQPMCVWPTD5,"WIREMASTERS, INC.",GW7AKRL56QX7,153600.00,1,ddg,
ERR4X5JLJWV5,"NCP COATINGS, LLC",,153120.00,4,ddg,
G871GBTQ94M7,Lona Slade,,152523.16,2,ddg,
HUKGWGAFW4C7,SOUNDOWN CORPORATION,HUKGWGAFW4C7,152383.40,2,ddg,
EZGFXRCDNAZ1,GENERAL STANDARDS CORP,,151900.00,1,ddg,
GY5BEBKX7ME7,"RBC SOUTHWEST PRODUCTS, INC.",LC7UN8MJYCJ7,151520.00,2,ddg,
R5AKFSCMDJK1,"YANKEE FIBER CONTROL, INC.",R5AKFSCMDJK1,150375.00,3,ddg,
P3NZJN8NQSB3,FORTUNE METAL FINISHING CORPORATION,P3NZJN8NQSB3,150000.00,2,ddg,
JN16VPC2PXN4,"BAY CITY MARINE, INC.",JN16VPC2PXN4,150000.00,3,ddg,
LUEGYMGV9N31,"INGRAM TECHNOLOGIES, LLC",,149580.00,1,ddg,
XR3UT8BLTKP7,"ENERGY MACHINERY, INC.",XR3UT8BLTKP7,148515.00,5,ddg,
Z6HMQ992QKJ7,"SOUTHERN FASTENERS & SUPPLY, INC.",Z6HMQ992QKJ7,147868.53,2,ddg,
F7J2BU8VKSL8,"MCALLISTER TOWING AND TRANSPORTATION COMPANY, INC.",,146391.24,1,ddg,
LCKATM42Y1M1,"ARGON ST, INC.",NU2UC8MX6NK1,145473.00,2,ddg,
DAR5NMQQMY53,RED-D-ARC INC.,CL4ZKLFK5DR3,143667.74,2,ddg,
SDR5XA3BBKR9,Prestige Remodeling,,143552.00,1,ddg,
X9C7KVWCMQJ6,"VALKYRIE ENTERPRISES, LLC",X9C7KVWCMQJ6,143338.20,3,ddg,
M647MA6E64V1,DEWEY ELECTRONICS CORPORATION,M647MA6E64V1,142918.68,3,ddg,
W52HJ1Z6XKW5,HONEYWELL INTERNATIONAL INC,FKBHDS7BRJF4,142839.78,3,ddg,
Q9M8VNB2F4F2,"KONGSBERG UNDERWATER TECHNOLOGY, INC.",KLH4CY7HF3S5,142702.00,2,ddg,
RKDNDETJMQZ2,Raytheon Bbn Technologies Corp.,KLW3ZYL15493,142403.00,2,ddg,
QLNMVC12KWY3,"LEIDOS, INC.",ZL41ERXMPAR3,141151.20,5,ddg,
DU34CPNTND73,"SUFFOLK IRON WORKS, INCORPORATED",,141053.00,2,ddg,
PRKVJMMJYJM3,WILLIFORD PLASTICS INC,,140747.94,1,ddg,
N6U1EU32U9J1,EST GROUP INC,J9V9SJL4CW97,140213.00,4,ddg,
QC8RNVNLMA97,BRUEL & KJAER NORTH AMERICA INC.,NSFAYV7YAJB1,139500.00,1,ddg,
D3TAPP57SEB4,KEEN COMPRESSED GAS CO.,CY77FBY3EQM4,138724.00,2,ddg,
FMKADN1KAXH6,"HOSE-MCCANN TELEPHONE CO., INC.",FMKADN1KAXH6,138440.24,5,ddg,
D2K8YW94LM95,GENESIS FIBER OPTIC SPLICING INC,HKM7RTXYHJN5,138079.41,2,ddg,
NKNJZAVJ9EK3,COGSDILL TOOL PRODUCTS INC,,138030.00,1,ddg,
UVMKZZQMAK51,"ED BARTELLI, INC.",,137226.58,2,ddg,
KTK2F491J6A8,"SHAFT CURRENT SOLUTIONS, INC.",,136535.04,2,ddg,
C12PGLEW9KW4,"UNAFLEX, INC.",C12PGLEW9KW4,136066.00,3,ddg,
KB8ALFD8K1X8,Higgins Marine Services Inc,,135300.00,4,ddg,
Q4LMAMECTR44,"CONNECTOR SPECIALISTS, INC.",Q4LMAMECTR44,135154.00,3,ddg,
N5HGL94UC1D6,PIERCE ALUMINUM CO INC,N5HGL94UC1D6,134249.00,2,ddg,
EV14UZ7SCKG5,New Haven Windustrial Co.,KK4TAQ8YKEY6,133160.40,2,ddg,
YUXJXK8PRML3,"TRANTER, INC.",SQRKBV7ET8S9,132886.99,4,ddg,
HVK6DCBLUCP7,GE AVIATION SYSTEMS LLC,JRZ1WHXAKBM3,132608.00,1,ddg,
DSVCC3S92J21,BOLAND MARINE & INDUSTRIAL LLC,,132540.00,2,ddg,
NBMDBMMXJLR5,"KEYSIGHT TECHNOLOGIES, INC.",,132442.69,1,ddg,
N5Z9QRTAX3D8,HAWAII ENERGY SYSTEMS LLC,UEP4D9QYNZX8,130842.00,4,ddg,
HKUGWLAQ4821,"LCR EMBEDDED SYSTEMS, INC.",,130121.90,1,ddg,
P6D7KH2QPXH1,"UNITED CONTAMINATION CONTROL, INC.",,130000.00,2,ddg,
MGFUP827VKV2,"ROSS MACHINERY SALES, INC.",,129690.00,2,ddg,
GFLBY4KVHBJ4,SECONN FABRICATION LLC,,129300.00,2,ddg,
RYVANEDADBK3,"METALTEK INTERNATIONAL, INC.",JK4WJKLD44G9,129153.00,6,ddg,
GAGNAGWFNY83,NTS TECHNICAL SYSTEMS,DJH3J8S4C481,128700.00,8,ddg,
DXGJDCR3TN56,"CURTISS-WRIGHT FLOW CONTROL SERVICE, LLC",DXGJDCR3TN56,128032.38,1,ddg,
HJEXMNM5EJE5,F. W. WEBB COMPANY,HJEXMNM5EJE5,125576.58,3,ddg,
FHKCX7RMYW83,MARINE EQUIPMENT SUPPLY LLC,N9BESJAKTWK7,124700.00,3,ddg,
T9U5YKZRMHH5,"MANUFACTURER'S RUBBER & SUPPLY CO, INC.",,124412.88,2,ddg,
K783PK4DZEE3,"ADVANTEC MANUFACTURING USA, INC.",,123935.00,2,ddg,
PD3NKE727DN9,"TRI-LANE EQUIPMENT RENTALS, INC.",PD3NKE727DN9,121888.71,4,ddg,
Q5JLDRAYLJF4,THE SHERWIN-WILLIAMS COMPANY,GAJ1F3WQCWY5,121611.31,2,ddg,
ZE1KT2MPBGM3,"HARDING COMPANY, INC",CP8AJC3EDE93,120473.26,3,ddg,
CQQUMMDARBG3,THE DEWEY ELECTRONICS CORPORATION,M647MA6E64V1,119870.88,4,ddg,
NCG7W2K7P7R6,DB CONTROL,WF9TN8AWH8K5,118593.00,1,ddg,
EQ2TN2GMDFT5,"ADVANCED ACOUSTIC CONCEPTS, LLC",,118583.00,1,ddg,
KK62PWHW5ZR8,"CRITICAL IO, LLC",KK62PWHW5ZR8,118311.00,2,ddg,
WY3RNC5GMY36,"TITANIUM INDUSTRIES, INC.",WY3RNC5GMY36,117658.00,3,ddg,
JH61GLV2MCA7,"PRIME SCIENCE & TECHNOLOGY, LLC",,116250.00,1,ddg,
CTVBA1WN13S3,"SYNERGY FLOW SYSTEMS, LLC",,116108.81,2,ddg,
ZQ11WUWJGAA4,"KIDDE-FENWAL, INC.",PPLZG8J3N9D4,115667.40,3,ddg,
EH4ZYJ5CMLP9,MAINE TECHNICAL SOURCE,EH4ZYJ5CMLP9,115320.00,1,ddg,
GRTDYGFYWBS8,FARO TECHNOLOGIES INC,GRTDYGFYWBS8,114160.00,2,ddg,
HJ7KCZ68G3N3,HAMPTON RUBBER COMPANY,M4GAZLHBK7W5,113786.72,2,ddg,
W9MTG3DEVQN5,VULCAN ELECTRIC COMPANY,W9MTG3DEVQN5,113610.00,2,ddg,
RTMJMXF51PC8,APS PRESSURE SYSTEMS LLC,,113229.18,2,ddg,
H4KTGQKJ2Y15,"TIOGA PIPE, INC.",H4KTGQKJ2Y15,113204.40,1,ddg,
MGGESU2F2954,SPR YORK HOLDINGS ULC,,112830.00,3,ddg,Y
JN9QTLH7KL47,PENN STATE TOOL & DIE CORPORATION,,112248.00,1,ddg,
KEKTUBQDCZM7,A & A SHEET METAL PRODUCTS INC,KEKTUBQDCZM7,111441.00,1,ddg,
CP8AJC3EDE93,"Alp Industries, Inc.",CP8AJC3EDE93,111337.24,7,ddg,
F4GNMTCCXGM8,"HUTCHINSON INDUSTRIES, INC",ZVFUENFF77T1,111054.92,2,ddg,
E6H2BBJ1LD19,FORD & ULRICH INC,,110400.00,1,ddg,
GGERZB4A1FB3,"WBPARTS, INC.",JDDMPNDNQ3L5,110387.50,5,ddg,
UDMKPLHU8N48,US TOOL GRINDING INC,,110223.92,1,ddg,
N672N7MEP4J5,"POWER MECHANICAL, INC.",,109865.00,4,ddg,
GK3DKPJRSUR3,"HALE TRAILER BRAKE & WHEEL, INC.",GK3DKPJRSUR3,109700.00,3,ddg,
D497LKJGKS84,MESTEK INC,D497LKJGKS84,109061.00,1,ddg,
H5MUP1BXBAB1,"Metro Business Systems, Inc.",,108621.00,1,ddg,
CSGCTF11C2V9,INSTRUMENTS INCORPORATED,,108216.40,1,ddg,
H3R3VV5YN8G4,KW BOATS,C1FEMK612CT4,107806.00,2,ddg,
RQQYADH1UBU8,AIR TOOL SALES & SERVICE CO INC,RQQYADH1UBU8,106584.03,3,ddg,
X51YWDJN2ED6,HORIZONS INCORPORATED,X51YWDJN2ED6,104976.75,3,ddg,
QMXJLLJZ5QY4,TORK SYSTEMS INC,SDD9PKYQAXZ7,104314.00,2,ddg,
S8QZFUJ377W5,"SELLERS OPTICAL, INC.",,104220.00,1,ddg,
FCYFZ4P8ZGV6,"K M L ARCHITECTS, LLC",,103012.50,2,ddg,
FVGUCFG6HLK7,Blackmer,,102870.00,1,ddg,
JYLJMKZD4MU1,"STONEHILL SALES & SERVICES, LLC",,102609.63,3,ddg,
K7SAUMHPLDJ9,SIVYER STEEL CASTINGS LLC,K7SAUMHPLDJ9,102050.74,1,ddg,
ZTBRMLGP4JF5,"VALLEN DISTRIBUTION, INC.",J3DRM4537TG4,101023.09,2,ddg,
Y4ESA8L3JAD9,"GRAYBAR ELECTRIC COMPANY, INC",WP8LRX9KNTC4,100697.44,2,ddg,
NTP7NWDS9Y49,"MSC INDUSTRIAL DIRECT CO., INC.",NTP7NWDS9Y49,100481.79,4,ddg,
NPM2J7MSCF61,"PENNSYLVANIA STATE UNIVERSITY, THE",NPM2J7MSCF61,100000.00,1,ddg,
H1WGM2HUFNB3,NDI ENGINEERING COMPANY,H1WGM2HUFNB3,100000.00,2,ddg,
MXALQCAPGHJ8,"AMET, INC.",,100000.00,1,ddg,
C11GZDT8UL88,"SILKTOWN ROOFING, INCORPORATED",C11GZDT8UL88,98846.00,1,ddg,
YVDFW51N3N61,"WALDO BROTHERS, INC.",,98346.68,3,ddg,
MQSPAE7NQQR8,"VITA MOTIVATOR CO., INC.",,97998.00,2,ddg,
U3N6BN5LT9U4,"Consolidated Electrical Distributors, Inc.",JGWVAJ3DAKN5,97913.14,4,ddg,
YS2TNLEU8EK3,"LOCKHEED MARTIN SIPPICAN, INC.",ZFN2JJXBLZT3,97807.05,1,ddg,
FKE7YM75FN66,"D&D FILTRATION CONSULTANTS & SUPPLIERS, INC.",,97721.80,3,ddg,
HEUNPCKQLMN5,KLUMB LUMBER COMPANY,HEUNPCKQLMN5,97330.44,2,ddg,
TF2HVUYPRMV1,"CHASE SUPPLY, INC.",,96037.00,3,ddg,
EHQGGH9CG9U7,"FAIRLEAD INTEGRATED POWER & CONTROLS, LLC",,95715.53,1,ddg,
E4GEJG9DC7K5,"Specialized Industrial Services, Inc",,95000.00,1,ddg,
XW6ZAJKNHM65,VERSAMIL INC,,95000.00,2,ddg,
XJJ6S8U3NAR9,Jules Borel & Co.,,94838.40,1,ddg,
CNCCKFN9TP65,"HARBOR BAY GROUP, INC.",,94740.59,2,ddg,
QLNRJJK28MJ7,"SYSTEMS ENGINEERING AND ANALYTICS, INC.",,94276.00,1,ddg,
NTGALU6XECJ5,YOKOGAWA CORP OF AMERICA,KDP5XKKJCWT6,93540.00,1,ddg,
JAM1MGE5VDJ7,"PACIFIC WESTERN LUMBER, INC.",JAM1MGE5VDJ7,93482.00,1,ddg,
PMTTQUKM2YG1,US SHRINK WRAP INC.,PMTTQUKM2YG1,93000.00,2,ddg,
JE8QAT3GGJN6,LINTECH COMPONENTS CO INC,,92802.84,2,ddg,
MNPUJ84L1AK7,A & A COMPANY INC,,92760.00,1,ddg,
XMLNYKT139G8,CRESTWOOD TECHNOLOGY GROUP CORP.,XMLNYKT139G8,92759.50,2,ddg,
HQEUSUQSKVK7,"ADMARTEC, INC.",,92709.00,3,ddg,
Y5HPNMZGC7U3,SEACON ADVANCED PRODUCTS LLC,MPCXJJQJAL83,92400.00,1,ddg,
NSDCX6VCWGN5,"PEERLESS TOOL & MACHINE COMPANY, INC.",,91770.00,1,ddg,
JGLLLKELFB57,ITT CORPORATION,,91637.00,2,ddg,
GR6AZSV5DA93,International Chromium Plating Co Inc,,91440.00,3,ddg,
RHLAM7GSJGJ4,"HOTTINGER BALDWIN MEASUREMENTS, INC.",NSFAYV7YAJB1,91437.00,1,ddg,
Z2N8C3NL8FW5,"JOHNSON CONTROLS, INC.",XEQ3L57D2J24,91280.00,1,ddg,
JK5BGM73XQ58,FEOLE TECHNOLOGIES INC,,90617.91,2,ddg,
H63LK5CAFZ46,"W.W. GAY FIRE PROTECTION, INC.",LJNPJQVBN8R9,90560.00,2,ddg,
DVLSV4HZBX23,"EAST COAST METROLOGY, LLC",,90000.00,2,ddg,
CZXNLVL5TBN3,ROANWELL CORPORATION,,89650.00,2,ddg,
RDQDMFHFM8K3,R P M SUPPLY CORPORATION,,89600.00,1,ddg,
ZDVHY48UFHP5,"EFCO, INC.",ZDVHY48UFHP5,89115.00,1,ddg,
MQV3UDHJ5XM7,MISTRAS GROUP INC.,,87619.28,2,ddg,
WFBEV4JDZRN1,"RPKK, INC",,86763.10,2,ddg,
MKG5CAN2J8S7,"SAMTAN ENGINEERING, LLC",,86695.46,2,ddg,
WFN1L9K1LAL5,"CW RESOURCES, INC.",WFN1L9K1LAL5,86371.41,5,ddg,
MNZGEAM8WG31,"MAZZELLA LIFTING TECHNOLOGIES, INC.",MNZGEAM8WG31,85600.00,2,ddg,
J1PMKPB4HNN5,LEARN,,85360.00,1,ddg,
C2HBVLFX4AH7,"ARLAND TOOL & MFG., INC.",C2HBVLFX4AH7,85104.50,3,ddg,
DQAYCKTDLND5,"EAGLE INDUSTRIES OF LOUISIANA, L.L.C.",,84800.00,1,ddg,
ZQK7N3KY4UF8,"MACHINISTS, INC.",ZQK7N3KY4UF8,84560.00,1,ddg,
UYHRBG6RLS57,Northrop Grumman Corporation,NKVZLJL93QT6,84528.00,2,ddg,
GWJVH3CYE2F1,MID STATE FIRE EQUIPMENT INC,,84356.80,1,ddg,
KAJ2U4MCB329,"CHELSEA CLOCK, LLC, THE",,84252.00,3,ddg,
KFP8JR5HL191,ARA SERVICES LLC.,,84244.16,2,ddg,
PNHTDAAYRXL3,SPACECRAFT COMPONENTS CORP,PNHTDAAYRXL3,84146.05,5,ddg,
NDVTJ1J32N95,VALIN CORPORATION,NDVTJ1J32N95,83808.66,2,ddg,
M8JLMEHJADQ5,"BOEING COMPANY, THE",NU2UC8MX6NK1,83752.00,2,ddg,
EDLHL766DYP1,"WESCO DISTRIBUTION, INC.",LU7KP9UJJ5L7,83106.64,2,ddg,
E8QBZAUN1UL3,PALMER HOLLAND INC,,83060.00,1,ddg,
F4JJL7645T67,LEXINGTON SOFT LLC,,82862.60,2,ddg,
ZSJFXM833NA3,Xerox Corporation,JB4NTVR9XMN4,82394.00,3,ddg,
LFN2ND9H69T1,PARASOFT CORPORATION,LFN2ND9H69T1,81180.00,2,ddg,
JG24FKGD5Z77,"JOHN WATTS ASSOCIATES, INC.",JG24FKGD5Z77,80974.94,1,ddg,
J1HRLJ1Q1NT6,"MC2 SABTECH HOLDINGS, INC.",J1HRLJ1Q1NT6,80875.00,2,ddg,
V72KJGHK3JF2,MGR EQUIPMENT CORP,,80476.00,2,ddg,
YK4TPH3YV3S3,MARITIME APPLIED PHYSICS CORP,,80291.00,1,ddg,
XJQDNHHBFY98,TOTALSHIELD LLC,XJQDNHHBFY98,80000.00,1,ddg,
HHXEGAZL8618,SKOVIRA MACHINE COMPANY,,79800.00,1,ddg,
NAA7LGTT6WA4,"TRANSCAT, INC.",NAA7LGTT6WA4,79714.92,1,ddg,
WQ8LDD3N2K24,BRADDOCK HEAT TREATING COMPANY INC,DGRNR5KG8QU1,79671.06,20,ddg,
NTRTFZMT1WD1,GLOBAL COATINGS LLC,,79472.00,2,ddg,
GXELCCACKBN5,SEAL MASTER CORP,GXELCCACKBN5,79314.00,1,ddg,
QQ1JKV251EL9,ACCUREX MEASUREMENT INC.,,77988.00,1,ddg,
YA86NYHUA353,BRENNTAG LUBRICANTS,,77592.00,2,ddg,
ZZG5TB4JCKE1,"KAHN AND COMPANY, INCORPORATED",,77550.00,3,ddg,
X4UMAJJTMS97,GERMANE SYSTEMS LC,,76368.00,1,ddg,
NFEDFL5LKRN4,AMERICAN TOOLING CENTER INC,NFEDFL5LKRN4,76250.00,1,ddg,
KWAYELLKNP86,GET ENGINEERING CORP.,,75600.00,1,ddg,
DKWCJWBNHCL3,"NCP COATINGS, INC.",DKWCJWBNHCL3,75312.00,3,ddg,
PDJ4B4PSZK52,NEW ENGLAND INSTITUTE OF TECHNOLOGY,KXFDQ6DUKHK9,75000.00,1,ddg,
VC8CKKWDRPD6,Skills For Rhode Island's Future,,75000.00,1,ddg,
RFLNANKKZYV5,SAS INSTITUTE INC.,RFLNANKKZYV5,73958.40,1,ddg,
UJMKRGKNXML7,DIEBOLT & COMPANY,UJMKRGKNXML7,73536.00,1,ddg,
HCMDAVBWRFL8,BECKWITH & KUFFEL INC,HYHVBGYX5C51,73428.00,2,ddg,
JFN9TTCMKQH8,"TEXSTARS, LLC",WA6MBG28BUQ5,73366.00,1,ddg,
KCDDKU78L9P7,CHASE CORPORATION,KCDDKU78L9P7,72773.00,1,ddg,
LCTCMUR9KYB6,"CAJUN PROCESS SOLUTIONS, LLC",,72517.58,2,ddg,
JEH3MF4P6N78,MUNTERS CORPORATION,ZKYHLH1VELN7,72268.00,1,ddg,
EPK7A98BB4B6,"HEILIND MIL-AERO, LLC",HTHFAYHMJWT4,71983.50,3,ddg,
GDK9ANY21DY6,"TEAM HOUSING SOLUTIONS, INC.",GDK9ANY21DY6,71820.00,1,ddg,
QJ8GDNZ7RMC5,MCMASTER-CARR SUPPLY COMPANY,C1FCEKJP7F91,71400.00,4,ddg,
S3K7JVUM7D39,"SPECIALIZED MACHINERY TRANSPORT, INC.",,70970.00,1,ddg,
E6ACL8BWKN47,"ENERGY FOCUS, INC.",E6ACL8BWKN47,70500.00,1,ddg,
FSLFH89RJE91,"TECHNOLOGY SERVICES & SAFETY SOLUTIONS, INC.",,69660.00,1,ddg,
REDAH61ZHLN7,TRI TOOL INC,REDAH61ZHLN7,69650.00,1,ddg,
Q3HHLUDK4ED3,Abrasive Products LLC,,69600.00,1,ddg,
J496QWE2LK33,LORD CORPORATION,PLYSMJBAYE42,68972.76,1,ddg,
CUJ6JZJFLMQ8,"VECTOR SOFTWARE, INC.",P3S2F1HKFDM4,68831.60,2,ddg,
GMHRX5DU4LS5,"AEROGO, INC",GMHRX5DU4LS5,68550.00,1,ddg,
DY2JXQ22MA14,KSARIA SERVICE CORPORATION,,68281.70,1,ddg,
MNS7TJ9KVTJ1,"HDT EXPEDITIONARY SYSTEMS, INC.",SPJDDHTQBSY9,67797.00,1,ddg,
K7L6DELLDU47,"GULF SALES AND SUPPLY, INCORPORATED",,66845.00,2,ddg,
UP6CM5LVP5G3,"WARNER SPECIALTY PRODUCTS, INC.",,66632.00,1,ddg,
NDF9CNKGHWR3,"CURTIS UNIVERSAL JOINT CO, INC.",,66420.16,1,ddg,
G44XUJLFP3A1,TANDEMLOC INC.,,66132.36,2,ddg,
UUK2QMVKDKN1,"MANSFIELD INDUSTRIAL, INC.",UUK2QMVKDKN1,65891.00,1,ddg,
GM2EHB2GWNL3,NLB CORP.,GM2EHB2GWNL3,65850.00,1,ddg,
YUJBHRDVHAY1,"CONNECTICUT BUSINESS SYSTEMS, LLC",ZZEKFJBR89S4,65549.00,1,ddg,
ZG54KTLANAU7,ANVER CORPORATION,,65486.49,2,ddg,
TAHNTWE2BVN1,"BISCO INDUSTRIES, INC.",UZ6EFJJNEFT3,65088.00,1,ddg,
RHENZGDQYD88,REINER PUMP SYSTEMS INC,TXJGMQ68SKU5,64440.00,3,ddg,
ZCKNVNYLMC43,"MANDEX INTEGRATED LOGISTICS SERVICES, INC.",,63798.72,2,ddg,
X4YDGJ1UE973,Sunbelt Supply L.P.,UXLBKCMVY819,63748.00,2,ddg,
FHJHVERLNXU7,EAGLE LEASING COMPANY THE,FHJHVERLNXU7,63642.00,6,ddg,
UPJ1ASYAGWH4,ALERT TUBING FABRICATORS INC.,,63600.00,2,ddg,
NUMJXMNFTW19,SECHAN ELECTRONICS INC,,63541.00,1,ddg,
HE98WLUBNW88,"ORACLE AMERICA, INC.",J3TKCN6S76D6,63388.03,2,ddg,
KKPLLYQNK495,"BARTOL HEATING AND COOLING, INC.",,63070.00,1,ddg,
K6CEGCM3YCX3,"WESCO GAS & WELDING SUPPLY, INC.",K6CEGCM3YCX3,62394.74,1,ddg,
CPNJM695NH15,"CDP FASTENER GROUP, INC.",,62244.00,1,ddg,
HN7KGQENGTC8,SUPERIOR SOLUTIONS AND INSIGHTS LLC,,62161.00,1,ddg,
K8T6RF8WAKC3,"WING INFLATABLES, INC.",,62140.00,1,ddg,
G9XVDY2MZMX5,INSINGER MACHINE CO,,62116.56,1,ddg,
T18FUPT9Y124,BRUNSON INSTRUMENT COMPANY INC,T18FUPT9Y124,62098.00,1,ddg,
G5NYWVB86BA5,DESCO MANUFACTURING COMPANY,,61278.35,2,ddg,
UHWFF9JP6G48,"PAC-VAN, INC.",W34NLSTY9XJ8,60950.00,2,ddg,
MP5UJHMEHFV1,"TRIDENT MARITIME SYSTEMS, INC.",KN4DLHTLNCS8,60800.00,1,ddg,
FB4ZY68792Y5,TE CONNECTIVITY PHOENIX OPTIX INC.,MPCXJJQJAL83,59497.36,1,ddg,
X65QG1LNA3J3,"UNITED TITANIUM, INC.",X65QG1LNA3J3,59485.50,2,ddg,
QNZ3JNX7NN77,"GRIMSLEY'S HOUSE OF TOOLS, INC.",,59475.00,1,ddg,
S6F5JLBSADM7,MIL-SPEC WIRE & CABLE CO,,59130.00,1,ddg,
LKVHTENM62A5,SUPREME CORP,,58712.50,3,ddg,
H759C2FR8KA3,ABB INC.,VN4ABZNLWJ59,57910.00,3,ddg,
HUYTR5ZGSSN6,"W. & O. SUPPLY, INC.",GGSLGRB5KXM6,57775.00,1,ddg,
UMGZNKKBJJ14,ENDRESS+HAUSER INC.,F59ENEGKZ9P1,57322.79,3,ddg,
VAX5URMCQMM5,"SI TECHNOLOGIES, INC",VAX5URMCQMM5,57232.06,1,ddg,
CRJJZA4KFZ42,LGS INNOVATIONS LLC,UK5FSMFVWEH3,56768.76,1,ddg,
TY15SKKAFJ99,"MOBILE MINI, INC.",,56576.79,2,ddg,
LLNNTHPDWYV1,LIMCO AIREPAIR INC.,TZMTECJ51C87,56206.00,1,ddg,
Q9D3LSUU5BN6,"Mercury Systems, Inc.",J51ULX3CNCZ4,55754.01,2,ddg,
RU3QHCAJP492,"HOFFER FLOW CONTROLS, INC.",,55380.00,2,ddg,
LS77JJSDUXH9,HYDRADYNE LLC,PWYQJP152BE5,55084.00,1,ddg,
LNRSWFY5UKF7,TALBERT MANUFACTURING INC,LNRSWFY5UKF7,55000.00,1,ddg,
XAABQKXTNJ16,ADVANTAGE ENGINEERING INC,XAABQKXTNJ16,54840.00,2,ddg,
V3GKQC7LZE37,FRED L HAWKINS CO INC,V3GKQC7LZE37,54775.00,2,ddg,
WX7ED2HWHJ17,"E7 Solutions, LLC",WX7ED2HWHJ17,54319.73,1,ddg,
JUN5EFMB2NZ7,THOMPSON SUPPLY CO INC,JUN5EFMB2NZ7,54208.44,2,ddg,
JUUJFULRELM5,HALL ASSOCIATES INC,,54130.75,1,ddg,
GC3AEESM5MT3,"IDEAL SUPPLY, INC.",GC3AEESM5MT3,53516.65,1,ddg,
NC39YCMEXVJ8,COLUMBUS MCKINNON CORPORATION,NKESS3J37J77,53252.00,2,ddg,
VHCPBNRMLK33,"ASSOCIATED FOOD EQUIPMENT AND SUPPLIES, INC.",VHCPBNRMLK33,52528.00,2,ddg,
TB74HBR5ABD6,"HUGHES CIRCUITS, INC.",,52500.00,1,ddg,
QVDMAW2TVBE7,"MET LABORATORIES, INC.",V954CM7C5F33,52250.00,3,ddg,
ZXGBKBLTY7F1,LBC AQUISITIONS LLC,VK1WGWEKJRS4,52236.92,1,ddg,
QCDDKNMK52W8,ELECTRONIC SALES OF NEW ENGLAND,QCDDKNMK52W8,51975.00,1,ddg,
KLQKFEZBNTL3,A & J MANUFACTURING CO,K4HGDHLTDK41,51935.00,1,ddg,
SBTJZ23QYKM5,"MOBILE MINI, INC.",MH4FDVBB4G88,51836.40,2,ddg,
DKSJBNE34MJ7,"Q-MATION, INC.",DKSJBNE34MJ7,51835.00,1,ddg,
MJGFRKACFZB3,MEMKOR INC,,51760.00,1,ddg,
UTG3KW3RJ6M3,Shenzhen Nanshan District Gelaimi Clothes Shop,,51650.28,1,ddg,Y
H4B2SHRH1D16,"SAVEWAY PETROLEUM, INC.",,51646.26,2,ddg,
KUCZSM9XDBS5,"GLOBAL SUPPLY, INC.",,51602.28,1,ddg,
DMZLNDQW1RD6,HARDWARE SPECIALTY CO,LZQFW2PSQ4C3,51600.00,1,ddg,
PXB2X38X4V11,CONVERGINT TECHNOLOGIES LLC,,51406.02,1,ddg,
DA2CMNNJWSZ4,Captain Freds Sea Trial Support LLC,,50578.20,1,ddg,
RCCWP36NHMA6,"PPG ARCHITECTURAL FINISHES, INC.",WA6MBG28BUQ5,50400.00,1,ddg,
MUTVDB5TJ4B3,"PID ANALYZERS, LLC",VRGPFC4QKP16,50000.00,1,ddg,
VK36BNH241M8,"H. O. PENN MACHINERY COMPANY, INC.",VK36BNH241M8,50000.00,1,ddg,
CVMQHCRDBVT7,"KEVIN GROS CONSULTING & MARINE SERVICES, INC.",,50000.00,2,ddg,
D7T3U3HPNR49,J. STEELE SERVICES LLC,,49560.08,1,ddg,
VS7NBJG314R6,INTERNATIONAL PAINT LLC,CPRTJPTEJ2K4,49500.00,1,ddg,
NE3DARLAMEN6,"PROCESS ENGINEERING COMPANY, INC.",,49420.00,1,ddg,
EEE8FHKK1YR9,"LAFAYETTE RESTAURANT SUPPLY, INC.",,47980.00,1,ddg,
PM2FDF7CCNC2,"MARISCO, LTD.",PM2FDF7CCNC2,47903.52,3,ddg,
EJ1DW3A8BFM8,CORE INDUSTRIES INC.,NB2HLRTJJJQ7,47300.00,1,ddg,
S4FJKGRXLGD5,"Hunter Electric, Inc",,47000.00,1,ddg,
MMTME6UEFEC5,"EIS, INC.",DZ8RD2EBBMK5,46920.00,1,ddg,
NFTFCKNL7Z57,"COASTAL MARINE EQUIPMENT, INC.",,46650.00,1,ddg,
YGFEZY19YQR9,NORTHROP GRUMMAN SYSTEMS CORP,,46250.00,1,ddg,
U6JRN865H4E3,TTI INC.,U6JRN865H4E3,46016.00,1,ddg,
EK4US8MM54U3,"NOANK ELECTRIC, LLC",,46000.00,1,ddg,
FVC6G8L6UZ95,H & C TOOL SUPPLY CORP.,,44425.00,1,ddg,
GV6WMAJUK1R9,SIOUX MANUFACTURING CORPORATION,,44376.84,1,ddg,
TL9AYFLSQ189,"JORGENSEN FORGE CORPORATION, THE",MUDRJ4V89NN8,44364.00,1,ddg,
Z1YKDWN86HE6,RAYTHEON COMPANY,EGAVSJTA2D81,44198.77,3,ddg,
ELM6EX21EMJ9,CYMBEL CORPORATION,XRU8MN24H8C5,43913.00,1,ddg,
RSKAJD8SNDL3,"RED THREAD SPACES, LLC",GGKLKCCKVZ16,43742.98,3,ddg,
L2R3JUN9CL49,CURTISS-WRIGHT FLOW CONTROL CORPORATION,PF8PJNVEPTJ1,43512.00,1,ddg,
J5AJWFZ9H8Q6,"MCNALLY INDUSTRIES, LLC",J5AJWFZ9H8Q6,43240.00,1,ddg,
GD27DVQLYKR5,ASTRO PAK CORP,,42978.00,1,ddg,
XQ2FNSEVHWL1,"GOODWIN-BRADLEY PATTERN CO., INC.",,42693.40,4,ddg,
PWLMEWS7MKM9,INDUSTRIAL TOOLING & SUPPLY LLC,,42682.94,1,ddg,
T4MGJ9BU63J6,"MUNICIPAL EMERGENCY SERVICES, INC.",T4MGJ9BU63J6,42418.62,1,ddg,
M25KW7YJBAK3,"CARTER MACHINERY COMPANY, INCORPORATED",JZSHR7DX1MQ9,42369.19,1,ddg,
NZNKGYLA9NT3,DRAFTCO INCORPORATED,NZNKGYLA9NT3,41895.00,1,ddg,
MD21J51WM123,TYCO FIRE PRODUCTS LIMITED PARTNERSHIP,XEQ3L57D2J24,41641.50,1,ddg,
RW9ZRN3J3KB3,"POWERHOUSE EQUIPMENT & ENGINEERING COMPANY, INC.",RW9ZRN3J3KB3,41600.00,1,ddg,
MNT6HLDT9MM4,BUSCH LLC,,41475.68,1,ddg,
N5XMR889END5,SPECIAL METALS CORPORATION,UU26FKF1MML6,41392.50,1,ddg,
KU2EMBAAACG9,"APPLIED DYNAMICS INTERNATIONAL, INC.",KU2EMBAAACG9,40715.00,1,ddg,
ZFN1PBJXNUA3,"CONX INNOVATIONS, LLC",,40600.00,2,ddg,
WE8YDHCEPHB1,All-Phase Electric Supply Co Inc,,40598.88,1,ddg,
HD9RV8F4JCL6,"PAPE' MATERIAL HANDLING, INC.",R1JPMJJM4268,40435.94,4,ddg,
YET2PMM1L7J4,AUTOMATED PRECISION INC.,,39753.00,1,ddg,
FFEAH6Z5CK27,"STOTTLER HENKE ASSOCIATES, INC.",FFEAH6Z5CK27,39564.26,2,ddg,
C12YPM9YKQA5,PANAMETRICS LLC,JRZ1WHXAKBM3,39303.00,1,ddg,
YLE5AAYNVPK6,"NOBLE SUPPLY & LOGISTICS, LLC",,39228.80,1,ddg,
W6SWKAS2DBE5,SHILOH INDUSTRIES INC,,39144.00,1,ddg,
P4NMA2SHLR53,"CORNET TECHNOLOGY, INC.",P4NMA2SHLR53,38700.00,1,ddg,
ZTAFBECM35Z6,TECNICO CORPORATION,CQUHU3PC44L3,38675.20,1,ddg,
HFDXVMRW2NX8,"TRUSTED SYSTEMS, INC.",HFDXVMRW2NX8,38655.00,1,ddg,
NYEMFJ7MMJB5,"L-COM, INC.",FNDNN65LLG73,37789.08,1,ddg,
LEC1VZC9HL25,"A.C.R. MACHINE, INC.",,37620.00,1,ddg,
K3K9GLKWAWQ1,"OHIO SEMITRONICS, INC",K3K9GLKWAWQ1,37612.32,1,ddg,
LXUMZZ3LETN5,"TEAM INDUSTRIAL SERVICES, INC.",LYDUF2SMFNA3,37564.94,1,ddg,
WYLZYTJ1SSJ3,OPERATING & MAINTENANCE SPECIALTIES INC,,36791.16,1,ddg,
MC45MKDJLGK6,J J U DISTRIBUTORS INC,,36382.50,1,ddg,
RLNZFHWTLKH6,CARR COMPANY LIMITED,,35740.00,1,ddg,
TPN7LAC6HGW3,"WARTSILA DEFENSE, INC.",GCWKULHML2S3,35621.00,1,ddg,
VNP2L293JWL6,"CONTINENTAL MICROWAVE AND TOOL CO., INC.",HMN8Q5FPFFD3,35501.00,1,ddg,
X8C4N7SH2KB7,HV DIAGNOSTICS INC,,35460.00,1,ddg,
DR25DM16Y9G8,APPLICATIONS 3D LLC,,35229.00,4,ddg,
MJJ1N6C5CL19,"SPACESAVER INTERMOUNTAIN, LLC",,35219.42,2,ddg,
DHGJVCVAFYE3,"CALIFORNIA MARINE CLEANING, INC.",DHGJVCVAFYE3,35184.00,1,ddg,
FL6ACVUJMGN9,SIMPSON GUMPERTZ & HEGER INC.,,35000.00,1,ddg,
F99CKJDLYZR3,"WESCO DISTRIBUTION, INC.",,34950.00,1,ddg,
KJWPVM8EMCN5,"M2 GLOBAL TECHNOLOGY, LTD.",CJM6LNL2FP27,34865.00,1,ddg,
ECDLCKJC9TQ5,MAINE OXY ACETYLENE SUPPLY CO,,34500.00,1,ddg,
S4LDURRAY3J9,"Rexnord Industries, LLC",WFM2KCAVDX59,34131.81,1,ddg,
N97CM6A1C2M7,"WESTMORELAND MECHANICAL TESTING & RESEARCH, INC.",N97CM6A1C2M7,33866.00,2,ddg,
H46AXTX9X648,"ALLIED ELECTRONICS, INC",LXC1G6NGF1W5,33728.00,1,ddg,
CEWBRTLPMK73,"VERTEX SOLUTIONS, LLC",NTBGAMNEWP93,33713.23,1,ddg,
YDJLK3NMMUH5,THERMO DYNAMICS INC,YDJLK3NMMUH5,33708.00,1,ddg,
JJZ4GXK7SCJ5,"CONCURRENT TECHNOLOGIES, INC.",SC4MSPUB7B46,33536.00,1,ddg,
LFYHET3BNVD5,"KEY BELLEVILLES, INC.",,33398.40,1,ddg,
DMTPEM6MJPB8,PEARSE-BERTRAM LLC,,32883.84,1,ddg,
SP3WJKWRZ3M5,"W. W. Grainger, Inc.",,32689.36,1,ddg,
YV2MG1WKYEQ3,JOHNSON CONTROLS SECURITY SOLUTIONS LLC,XEQ3L57D2J24,32500.00,1,ddg,
TC76NMCGN4F4,"DISTRIBUTION INTERNATIONAL SOUTHWEST, INC.",PJM1KBVHTYL6,32400.00,1,ddg,
T6HMTJ6CTRF5,PTC INC.,,32300.00,1,ddg,
SMNWM6HN79X5,"GENERAL DYNAMICS INFORMATION TECHNOLOGY, INC.",FAZSFFE6CST9,32290.00,1,ddg,
XKM7WDHK1DA7,"RECLAMATION TECHNOLOGIES, INC.",QUC7T822JG79,32205.10,1,ddg,
QQ7DAUGJ6MC7,CPI RADANT TECHNOLOGIES DIVISION INC.,EAH2UTWCT3G6,32143.00,1,ddg,
ZBR7R1G1MGB3,"TIMKEN CORPORATION, THE",H4FZBFXLJ636,31974.00,1,ddg,
DZTKCR7BXVJ5,"LABORDE PRODUCTS, INC.",DZTKCR7BXVJ5,31945.94,1,ddg,
EKBRGQ6L48L8,"BRIARTEK, INC.",,31681.00,1,ddg,
K8KAE356N7N5,"BAT CONSERVATION AND MANAGEMENT, INC.",,31213.00,1,ddg,
TT6NACMBJC38,"DIVERSIFIED METALS, INC.",,31210.08,2,ddg,
NK62M46B48L8,"JOINING TECHNOLOGIES, INC.",,31200.00,1,ddg,
PQ7FJYK7LNM6,B M F TORQUE WRENCH COMPANY,,31125.00,1,ddg,
GMKDF9P95AA7,"AK SERVICES, INC.",,30800.00,1,ddg,
HZVFYESM3PZ3,"PRECISION HOSE, INC.",,30672.98,1,ddg,
NFBRBB548QC1,YOKOGAWA CORPORATION OF AMERICA,VANUPV7TJ933,30590.00,1,ddg,
KC78MF1CL9B8,KINNAMAN ELECTRIC INC,,30520.00,1,ddg,
J51ULX3CNCZ4,"MERCURY SYSTEMS, INC.",J51ULX3CNCZ4,30340.00,1,ddg,
E34XGKUXCEC1,"HAYNES INTERNATIONAL, INC.",E34XGKUXCEC1,30278.17,2,ddg,
FQ8SWYUU91Y9,"RTH MECHANICAL CONTRACTORS, INC.",,30070.11,2,ddg,
FG19HT8C3MM4,"AMERICAN TRADE GROUP, INC., THE",FG19HT8C3MM4,30048.00,1,ddg,
JKK6MTNJSLH6,"EMC SHOP, LLC, THE",,30000.00,1,ddg,
KF3NGNBNQ271,"DELPHINUS ENGINEERING, INC.",KF3NGNBNQ271,30000.00,1,ddg,
PR8CL5BJMNK4,"HUNTINGTON PARTNERS, INC.",,29990.00,1,ddg,
CGH1CSXQJ5H7,CAEN TECHNOLOGIES,ZVDFRHRJJ272,29950.00,1,ddg,
VTEWM5QSE598,RAYTHEON COMPANY,KLW3ZYL15493,29903.00,1,ddg,
G1DSEBQKGDF8,"CIRCOR INSTRUMENTATION TECHNOLOGIES, INC.",U45EH8WMNF55,29897.28,1,ddg,
LPN2BLLPK366,"EGGELHOF, INC.",LPN2BLLPK366,29700.00,1,ddg,
V8NJNRJ95KX5,B F METALS INC,V8NJNRJ95KX5,29689.20,1,ddg,
NX47A388J7L3,LOEFFLER CORPORATION,,29640.00,1,ddg,
E2WALWZNMT18,"APEX MACHINE TOOL COMPANY, INC.",RCCFHJBQZ5G6,29592.00,1,ddg,
F5P5K3L3ZMH5,"ALLIED ELECTRONICS, INC.",LXC1G6NGF1W5,29448.12,1,ddg,
XP5GHU7EKM33,"Sie Computing Solutions, Inc.",KXJ2NDJBA178,28686.00,1,ddg,
LV9KTAW8RSA3,Continental Emsco Company (inc),,27984.96,1,ddg,
PX5GZY3JUU27,HALLMAN SEPTIC SERVICE LLC,,27850.00,1,ddg,
JMPNFJGDZLC7,ELLIOTT BAY DESIGN GROUP LLC,RKLZWNHGDHP7,27754.50,3,ddg,
XBATVWUECBL3,Actuant Corporation,KM5NRZNTUDY8,27000.00,1,ddg,
LUUBKNAN8TK6,PALL AEROPOWER CORPORATION,MBFSJ8M4RQB6,26882.10,1,ddg,
VVJHC4U9TGE7,"CORNERSTONE AIR CONDITIONING, INC.",,26800.00,1,ddg,
C7RWMXEE6SD3,"Johnson Controls, Inc.",Z2N8C3NL8FW5,26594.00,1,ddg,
GL44UBJEKJK1,"TRENTON SYSTEMS, INC",,26522.00,1,ddg,
MB5EMNHVAW77,"TENNESSEE INVESTMENT CASTING COMPANY, INC.",,26462.00,1,ddg,
HHFGANSDJXN8,"Southern Rubber & Specialties, , Inc.",,26454.00,1,ddg,
JABWYKLD7GL8,"KNOWLEDGE KEY ASSOCIATES, INC.",JABWYKLD7GL8,26400.00,1,ddg,
LKUNMC2NEY97,"MATTHEW WARREN, INC",PXBUGNWVPJ46,25993.60,8,ddg,
L2Y7KUMBALU4,"KENSINGTON ELECTRONICS, INC",L2Y7KUMBALU4,25863.88,1,ddg,
J6MHT1L54CG4,"DEZURIK, INC.",,25844.00,1,ddg,
PDSGNK6DVCN1,PUGET SOUND PIPE AND SUPPLY COMPANY,PDSGNK6DVCN1,25458.00,2,ddg,
NZ6JXR3EQC64,"LANCS INDUSTRIES HOLDINGS, LLC",,25454.27,1,ddg,
V8HLLRJLCQH6,"ALBANY VALVE & FITTING CO., INC.",V8HLLRJLCQH6,25248.72,1,ddg,
DT53X3W22KJ1,"I & I SLING, INC.",DT53X3W22KJ1,25174.40,1,ddg,
MA6NGUYK9VM1,"SAUER COMPRESSORS USA, INC.",WQVZMVXE2MK6,25030.00,1,ddg,
J683M8AF97Q5,ELLISON BRONZE INC,,25025.00,1,ddg,
CE2KRB2JPVS4,"WSC FEDERAL, LLC",,25000.00,1,ddg,
KNW6WWRKELJ3,CONCURRENT TECHNOLOGIES CORP,KNW6WWRKELJ3,20000.00,1,ddg,
VMN5C8N5JXD7,WILMOT MODULAR STRUCTURES INC,,16940.28,2,ddg,
PT57LEM1W8U4,"SWIFT FILTERS, INC.",,16500.00,1,ddg,
P21BU9R6BMM3,"TACOMA DIESEL AND EQUIPMENT, INC.",P21BU9R6BMM3,15503.22,1,ddg,
JAWVFDNMQ633,PHOTONWORKS ENGINEERING LLP,,13694.00,1,ddg,
NX49KNJK4JX6,"RESEARCH AND DEVELOPMENT SOLUTIONS, INCORPORATED",NX49KNJK4JX6,12287.08,1,ddg,
GN5BAU4UTD47,"WILLIMANTIC WASTE PAPER CO., INC.",GN5BAU4UTD47,12000.00,1,ddg,
NQPKNBBCZLK1,"HAMPSHIRE FIRE PROTECTION CO., LLC",NQPKNBBCZLK1,10088.12,3,ddg,
F2THCSCN2QH9,"JAHNKE & SONS CONSTRUCTION, INC.",,9263.72,1,ddg,
F8GKKAJ45KE4,NU LABORATORIES INC,,8200.00,1,ddg,
ERZRH1FL8R66,"PLAINVILLE PLATING COMPANY, INC.",,7616.71,6,ddg,
EYSFY8B947C6,COMNET COMMINCATIONS LLC,,6998.89,3,ddg,
DWCVQF2KLNM9,PUGET SOUND PRECISION INC,,6675.00,2,ddg,
Z1R4M8TSS3G3,PRYSMIAN CABLES AND SYSTEMS USA LLC,,6600.00,1,ddg,
E9B7STE3MUX9,"C.I.L. Electroplating, Inc.",E9B7STE3MUX9,6498.68,4,ddg,
VCASGYK6ADM4,SYNCON LLC,,5897.09,1,ddg,
JKN2Q1EHKF63,LEONHARDT COMPANY INC,,5446.34,7,ddg,
NH49JGEB8AJ7,CHESAPEAKE MARINE REFRIGERATION CORP,,5410.00,1,ddg,
Q584J81GDLH5,Interstate Steel Supply Company,,2643.27,1,ddg,
CRG3ND68KH28,"MCGILL HOSE & COUPLING, INC.",,2205.87,1,ddg,
M6SKXVEXY4G3,"CMT MATERIALS, INC.",,736.00,1,ddg,
MVVAKQUHTTQ6,PROGENY SYSTEMS LLC,FAZSFFE6CST9,3.90,2,ddg,
PTVDFVF3JNX6,SILICO SYSTEMS LLC,,-12000.00,2,ddg,
L2ULF82VDLU5,AZON DESIGN INTERNATIONAL,,-12230.62,1,ddg,
M5MVSHNR2BL1,"SHERWIN-WILLIAMS COMPANY, THE",GAJ1F3WQCWY5,-14421.14,10,ddg,
MMRKLNN6PLB3,"SII, INC.",SQJ7DSNHE9D5,-36260.00,4,ddg,
TJ2MWNHN22G8,"FAIRBANKS MORSE, LLC",MLZGT2BJ4J13,-69942.08,2,ddg,
K1PMP7M771E5,"E2 ENGINEERS, LLC",QLXAK6ZTDED8,-99433.00,2,ddg,
VQMRYA1EN3J9,"R KEOUGH CONSTRUCTION, CO.",,-560648.99,1,ddg,
VERVZNQLJQM6,ABRASIVE FINISHING INDUSTRIES LLC,,-692858.00,14,ddg,
C3B4GMUXK277,BOWMAR LLC,,-696148.09,8,ddg,
Z2XMD2USH373,APCO TECHNOLOGIES ENGINEERING INC.,Z2XMD2USH373,-1483031.00,4,ddg,
GEYLNNM683Q5,"EMPIRE MEDIA GROUP, INC.",GEYLNNM683Q5,-2679038.19,6,ddg,
LW88Z8MMJHT3,"INSIGHT GLOBAL, LLC",LZUPA35L1689,-2696572.70,20,ddg,
SCCVYEEKLHL3,NATIONAL INSPECTION & CONSULTANTS INC,,-3876292.25,2,ddg,
FYUJEKH32UF5,"L.M. GILL WELDING & MANUFACTURING, L.L.C.",,-5381834.31,159,ddg,
KS91NKS9M428,"ORBIS SIBRO, INC.",KS91NKS9M428,-36864380.03,4,ddg,
