psc,desc,vendors,assoc_dollars_$M
2010,SHIP AND BOAT PROPULSION COMPONENTS,13,708.13
2040,MARINE HARDWARE AND HULL ITEMS,17,597.84
1675,SPACE VEHICLE COMPONENTS,3,443.84
1325,BOMBS,2,443.52
9640,IRON AND STEEL PRIMARY AND SEMIFINISHED PRODUCTS,7,410.72
AC12,National Defense R&D Services; Department of Defense - Military; Applied Research,5,403.46
4320,POWER AND HAND PUMPS,7,396.34
9530,"BARS AND RODS, NONFERROUS BASE METAL",6,385.46
AC31,National Defense R&D Services; Defense-related activities; Basic Research,4,382.2
AC11,National Defense R&D Services; Department of Defense - Military; Basic Research,4,375.1
AC33,R&D- DEFENSE SYSTEM: SHIPS (ADVANCED DEVELOPMENT),2,374.14
1620,AIRCRAFT LANDING GEAR COMPONENTS,5,365.48
AC32,National Defense R&D Services; Defense-related activities; Applied Research,3,363.42
1710,AIRCRAFT LANDING EQUIPMENT,3,362.13
1560,AIRFRAME STRUCTURAL COMPONENTS,7,361.98
3820,"MINING, ROCK DRILLING, EARTH BORING, AND RELATED EQUIPMENT",3,359.81
3615,PULP AND PAPER INDUSTRIES MACHINERY,2,359.4
9510,BARS AND RODS,5,359.01
3670,"SPECIALIZED SEMICONDUCTOR, MICROCIRCUIT, AND PRINTED CIRCUIT BOARD MANUFACTURING MACHINERY",2,359.0
4920,AIRCRAFT MAINTENANCE AND REPAIR SHOP SPECIALIZED EQUIPMENT,3,358.95
1420,GUIDED MISSILE COMPONENTS,4,357.18
1336,GUIDED MISSILE WARHEADS AND EXPLOSIVE COMPONENTS,2,356.67
1410,GUIDED MISSILES,2,356.67
AC34,National Defense R&D Services; Defense-related activities; R&D Administrative Expenses,2,356.43
1340,"ROCKETS, ROCKET AMMUNITION AND ROCKET COMPONENTS",3,356.2
3605,FOOD PRODUCTS MACHINERY AND EQUIPMENT,3,356.09
1610,AIRCRAFT PROPELLERS AND COMPONENTS,2,355.83
1615,"HELICOPTER ROTOR BLADES, DRIVE MECHANISMS AND COMPONENTS",2,355.83
2845,ROCKET ENGINES AND COMPONENTS,2,355.7
3693,INDUSTRIAL ASSEMBLY MACHINES,2,355.7
3805,EARTH MOVING AND EXCAVATING EQUIPMENT,2,355.58
3895,MISCELLANEOUS CONSTRUCTION EQUIPMENT,2,355.58
AC23,National Defense R&D Services; Atomic energy defense activities; Experimental Development,2,355.55
AC15,National Defense R&D Services; Department of Defense - Military; Expenses for R&D Facilities and Major Equipment,2,355.55
AC35,National Defense R&D Services; Defense-related activities; Expenses for R&D Facilities and Major Equipment,2,355.55
1338,"GUIDED MISSILE AND SPACE VEHICLE INERT PROPULSION UNITS, SOLID FUEL; AND COMPONENTS",1,355.37
1550,UNMANNED AIRCRAFT,1,355.37
1725,SPACE VEHICLE LAUNCHERS,1,355.37
2350,"COMBAT, ASSAULT, AND TACTICAL VEHICLES, TRACKED",1,355.37
2355,"COMBAT, ASSAULT, AND TACTICAL VEHICLES, WHEELED",1,355.37
3446,FORGING MACHINERY AND HAMMERS,1,355.37
3660,INDUSTRIAL SIZE REDUCTION MACHINERY,1,355.37
3835,PETROLEUM PRODUCTION AND DISTRIBUTION EQUIPMENT,1,355.37
4470,NUCLEAR REACTORS,1,355.37
5420,"BRIDGES, FIXED AND FLOATING",1,355.37
AC13,National Defense R&D Services; Department of Defense - Military; Experimental Development,1,355.37
AC14,National Defense R&D Services; Department of Defense - Military; R&D Administrative Expenses,1,355.37
AC21,National Defense R&D Services; Atomic energy defense activities; Basic Research,1,355.37
AC22,National Defense R&D Services; Atomic energy defense activities; Applied Research,1,355.37
AC24,National Defense R&D Services; Atomic energy defense activities; R&D Administrative Expenses,1,355.37
AC25,National Defense R&D Services; Atomic energy defense activities; Expenses for R&D Facilities and Major Equipment,1,355.37
3020,"GEARS, PULLEYS, SPROCKETS, AND TRANSMISSION CHAIN",5,226.66
3040,MISCELLANEOUS POWER TRANSMISSION EQUIPMENT,9,213.71
J030,"MAINTENANCE, REPAIR, AND REBUILDING OF EQUIPMENT- MECHANICAL POWER TRANSMISSION EQUIPMENT",5,201.16
3010,TORQUE CONVERTERS AND SPEED CHANGERS,3,173.26
H230,EQUIPMENT AND MATERIALS TESTING- MECHANICAL POWER TRANSMISSION EQUIPMENT,1,169.17
H330,INSPECTION- MECHANICAL POWER TRANSMISSION EQUIPMENT,1,169.17
K030,MODIFICATION OF EQUIPMENT- MECHANICAL POWER TRANSMISSION EQUIPMENT,1,169.17
L030,TECHNICAL REPRESENTATIVE- MECHANICAL POWER TRANSMISSION EQUIPMENT,1,169.17
N030,INSTALLATION OF EQUIPMENT- MECHANICAL POWER TRANSMISSION EQUIPMENT,1,169.17
2825,STEAM TURBINES AND COMPONENTS,6,155.79
6150,MISCELLANEOUS ELECTRIC POWER AND DISTRIBUTION EQUIPMENT,12,144.16
5935,"CONNECTORS, ELECTRICAL",9,144.0
2090,MISCELLANEOUS SHIP AND MARINE EQUIPMENT,16,126.03
2830,WATER TURBINES AND WATER WHEELS; AND COMPONENTS,3,120.44
1905,COMBAT SHIPS AND LANDING VESSELS,5,119.44
4820,"VALVES, NONPOWERED",18,117.63
5995,"CABLE, CORD, AND WIRE ASSEMBLIES: COMMUNICATION EQUIPMENT",7,116.82
4810,"VALVES, POWERED",12,110.34
1015,"GUNS, 75MM THROUGH 125MM",2,88.49
1020,"GUNS, OVER 125MM THROUGH 150MM",2,88.49
1025,"GUNS, OVER 150MM THROUGH 200MM",1,88.14
1355,"TORPEDOS AND COMPONENTS, INERT",1,88.14
1356,"TORPEDOS AND COMPONENTS, EXPLOSIVE",1,88.14
6125,"CONVERTERS, ELECTRICAL, ROTATING",5,82.64
6115,"GENERATORS AND GENERATOR SETS, ELECTRICAL",6,81.65
6120,TRANSFORMERS: DISTRIBUTION AND POWER STATION,2,72.24
4730,"HOSE, PIPE, TUBE, LUBRICATION, AND RAILING FITTINGS",11,70.45
4710,"PIPE, TUBE AND RIGID TUBING",11,68.98
3470,"MACHINE SHOP SETS, KITS, AND OUTFITS",2,65.57
5975,ELECTRICAL HARDWARE AND SUPPLIES,12,64.66
3120,"BEARINGS, PLAIN, UNMOUNTED",8,59.59
R425,SUPPORT- PROFESSIONAL: ENGINEERING/TECHNICAL,9,57.77
H966,"OTHER QUALITY CONTROL, TESTING, AND INSPECTION- INSTRUMENTS AND LABORATORY EQUIPMENT",1,57.49
3450,"MACHINE TOOLS, PORTABLE",6,52.31
3419,MISCELLANEOUS MACHINE TOOLS,8,51.12
5999,MISCELLANEOUS ELECTRICAL AND ELECTRONIC COMPONENTS,15,46.76
6110,ELECTRICAL CONTROL EQUIPMENT,12,42.66
9540,"STRUCTURAL SHAPES, NONFERROUS BASE METAL",4,42.36
2840,"GAS TURBINES AND JET ENGINES, AIRCRAFT, PRIME MOVING; AND COMPONENTS",2,42.31
5280,"SETS, KITS, AND OUTFITS OF MEASURING TOOLS",2,41.32
J020,"MAINTENANCE, REPAIR, AND REBUILDING OF EQUIPMENT- SHIP AND MARINE EQUIPMENT",7,40.57
6680,"LIQUID AND GAS FLOW, LIQUID LEVEL, AND MECHANICAL MOTION MEASURING INSTRUMENTS",4,33.91
6210,INDOOR AND OUTDOOR ELECTRIC LIGHTING FIXTURES,7,33.15
2835,"GAS TURBINES AND JET ENGINES; NON-AIRCRAFT PRIME MOVER, AIRCRAFT NON-PRIME MOVER, AND COMPONENTS",2,32.3
5330,PACKING AND GASKET MATERIALS,8,31.69
5950,COILS AND TRANSFORMERS,4,30.86
5920,"FUSES, ARRESTORS, ABSORBERS, AND PROTECTORS",3,30.66
3130,"BEARINGS, MOUNTED",2,30.62
5925,CIRCUIT BREAKERS,4,30.55
6145,"WIRE AND CABLE, ELECTRICAL",8,30.48
6320,SHIPBOARD ALARM AND SIGNAL SYSTEMS,2,28.53
AG12,Energy R&D  Services; Energy Supply; Applied Research,1,28.27
H131,QUALITY CONTROL- BEARINGS,1,28.27
3449,MISCELLANEOUS SECONDARY METAL FORMING AND CUTTING MACHINES,1,26.26
H195,"QUALITY CONTROL- METAL BARS, SHEETS, AND SHAPES",1,26.26
5970,ELECTRICAL INSULATORS AND INSULATING MATERIALS,3,25.54
J043,"MAINTENANCE, REPAIR, AND REBUILDING OF EQUIPMENT- PUMPS AND COMPRESSORS",4,24.26
R408,SUPPORT- PROFESSIONAL: PROGRAM MANAGEMENT/SUPPORT,4,23.98
R706,SUPPORT- MANAGEMENT: LOGISTICS SUPPORT,3,23.52
4210,FIRE FIGHTING EQUIPMENT,6,22.68
5340,"HARDWARE, COMMERCIAL",5,22.54
5310,NUTS AND WASHERS,11,21.86
5331,O-RING,4,20.9
6685,"PRESSURE, TEMPERATURE, AND HUMIDITY MEASURING AND CONTROLLING INSTRUMENTS",9,20.84
5895,MISCELLANEOUS COMMUNICATION EQUIPMENT,5,19.96
5998,"ELECTRICAL AND ELECTRONIC ASSEMBLIES, BOARDS, CARDS, AND ASSOCIATED HARDWARE",13,19.71
AR11,"Space  R&D  Services; Space flight, research and supporting activities; Basic Research",1,18.83
AH32,R&D- ENVIRONMENTAL PROTECTION: WATER POLLUTION (APPLIED RESEARCH/EXPLORATORY DEVELOPMENT),1,18.77
AH34,R&D- ENVIRONMENTAL PROTECTION: WATER POLLUTION (ENGINEERING DEVELOPMENT),1,18.77
5365,"BUSHINGS, RINGS, SHIMS, AND SPACERS",7,18.47
1140,NUCLEAR COMPONENTS,2,18.3
W043,LEASE OR RENTAL OF EQUIPMENT- PUMPS AND COMPRESSORS,2,17.28
4520,SPACE AND WATER HEATING EQUIPMENT,3,17.18
2950,TURBOSUPERCHARGER AND COMPONENTS,1,17.0
5120,"HAND TOOLS, NONEDGED, NONPOWERED",5,16.85
M1NA,OPERATION OF FUEL SUPPLY FACILITIES,1,15.59
N020,INSTALLATION OF EQUIPMENT- SHIP AND MARINE EQUIPMENT,4,14.77
W041,"LEASE OR RENTAL OF EQUIPMENT- REFRIGERATION, AIR CONDITIONING, AND AIR CIRCULATING EQUIPMENT",2,13.85
W020,LEASE OR RENTAL OF EQUIPMENT- SHIP AND MARINE EQUIPMENT,2,13.77
3416,LATHES,6,13.37
3417,MILLING MACHINES,6,13.37
W030,LEASE OR RENTAL OF EQUIPMENT- MECHANICAL POWER TRANSMISSION EQUIPMENT,1,13.33
W056,LEASE OR RENTAL OF EQUIPMENT- CONSTRUCTION AND BUILDING MATERIALS,1,13.33
W059,LEASE OR RENTAL OF EQUIPMENT- ELECTRICAL AND ELECTRONIC EQUIPMENT COMPONENTS,1,13.33
W061,LEASE OR RENTAL OF EQUIPMENT- ELECTRIC WIRE AND POWER DISTRIBUTION EQUIPMENT,1,13.33
3695,MISCELLANEOUS SPECIAL INDUSTRY MACHINERY,5,12.99
3411,BORING MACHINES,5,12.86
1680,MISCELLANEOUS AIRCRAFT ACCESSORIES AND COMPONENTS,12,12.37
6130,"CONVERTERS, ELECTRICAL, NONROTATING",9,11.99
1040,CHEMICAL WEAPONS AND EQUIPMENT,1,11.77
6105,"MOTORS, ELECTRICAL",8,11.65
H242,"EQUIPMENT AND MATERIALS TESTING- FIRE FIGHTING, RESCUE, AND SAFETY EQUIPMENT; ENVIRONMENTAL PROTECTION EQUIPMENT AND MATERIALS",3,11.58
H342,"INSPECTION- FIRE FIGHTING, RESCUE, AND SAFETY EQUIPMENT; ENVIRONMENTAL PROTECTION EQUIPMENT AND MATERIALS",3,11.58
L042,"TECHNICAL REPRESENTATIVE- FIRE FIGHTING, RESCUE, AND SAFETY EQUIPMENT; ENVIRONMENTAL PROTECTION EQUIPMENT AND MATERIALS",3,11.58
N042,"INSTALLATION OF EQUIPMENT- FIRE FIGHTING, RESCUE, AND SAFETY EQUIPMENT; ENVIRONMENTAL PROTECTION EQUIPMENT AND MATERIALS",3,11.33
1730,AIRCRAFT GROUND SERVICING EQUIPMENT,3,11.14
H142,"QUALITY CONTROL- FIRE FIGHTING, RESCUE, AND SAFETY EQUIPMENT; ENVIRONMENTAL PROTECTION EQUIPMENT AND MATERIALS",2,11.13
K042,"MODIFICATION OF EQUIPMENT- FIRE FIGHTING, RESCUE, AND SAFETY EQUIPMENT; ENVIRONMENTAL PROTECTION EQUIPMENT AND MATERIALS",2,11.13
J998,NON-NUCLEAR SHIP REPAIR (EAST),2,11.01
8145,SPECIALIZED SHIPPING AND STORAGE CONTAINERS,1,10.8
Z2ED,REPAIR OR ALTERATION OF SHIP CONSTRUCTION AND REPAIR FACILITIES,1,10.77
2030,DECK MACHINERY,3,10.59
1990,MISCELLANEOUS VESSELS,3,9.97
V112,TRANSPORTATION/TRAVEL/RELOCATION- TRANSPORTATION: MOTOR FREIGHT,1,9.81
V114,TRANSPORTATION/TRAVEL/RELOCATION- TRANSPORTATION: STEVEDORING,1,9.81
V115,TRANSPORTATION/TRAVEL/RELOCATION- TRANSPORTATION: VESSEL FREIGHT,1,9.81
W035,LEASE OR RENTAL OF EQUIPMENT- SERVICE AND TRADE EQUIPMENT,1,9.81
3950,"WINCHES, HOISTS, CRANES, AND DERRICKS",3,9.47
2590,MISCELLANEOUS VEHICULAR COMPONENTS,4,9.35
2240,LOCOMOTIVE AND RAIL CAR ACCESSORIES AND COMPONENTS,2,9.32
1910,"TRANSPORT VESSELS, PASSENGER AND TROOP",1,8.82
1920,FISHING VESSELS,1,8.82
1940,SMALL CRAFT,1,8.82
1950,FLOATING DRYDOCKS,1,8.82
9520,STRUCTURAL SHAPES,1,8.82
4330,"CENTRIFUGALS, SEPARATORS, AND PRESSURE AND VACUUM FILTERS",4,8.42
4140,"FANS, AIR CIRCULATORS, AND BLOWER EQUIPMENT",4,8.37
3413,DRILLING AND TAPPING MACHINES,5,8.33
3110,"BEARINGS, ANTIFRICTION, UNMOUNTED",4,7.67
AJ11,General Science and Technology R&D Services; General science and technology; Basic Research,1,7.66
5360,"COIL, FLAT, LEAF, AND WIRE SPRINGS",2,7.54
6625,ELECTRICAL AND ELECTRONIC PROPERTIES MEASURING AND TESTING INSTRUMENTS,5,7.49
J059,"MAINTENANCE, REPAIR, AND REBUILDING OF EQUIPMENT- ELECTRICAL AND ELECTRONIC EQUIPMENT COMPONENTS",4,7.04
5945,RELAYS AND SOLENOIDS,4,6.83
2820,"STEAM ENGINES, RECIPROCATING; AND COMPONENTS",1,6.81
2930,"ENGINE COOLING SYSTEM COMPONENTS, NONAIRCRAFT",1,6.81
R799,SUPPORT- MANAGEMENT: OTHER,3,6.75
5962,"MICROCIRCUITS, ELECTRONIC",2,6.47
5306,BOLTS,8,6.34
5307,STUDS,8,6.34
7B22,IT AND TELECOM - COMPUTE: SERVERS (HARDWARE AND PERPETUAL LICENSE SOFTWARE),3,6.19
5915,FILTERS AND NETWORKS,3,6.05
1220,FIRE CONTROL COMPUTING SIGHTS AND DEVICES,1,6.01
R499,SUPPORT- PROFESSIONAL: OTHER,3,5.99
4935,"GUIDED MISSILE MAINTENANCE, REPAIR, AND CHECKOUT SPECIALIZED EQUIPMENT",3,5.91
5930,SWITCHES,6,5.71
3426,METAL FINISHING EQUIPMENT,2,5.7
Y1ED,CONSTRUCTION OF SHIP CONSTRUCTION AND REPAIR FACILITIES,1,5.65
1740,AIRFIELD SPECIALIZED TRUCKS AND TRAILERS,1,5.35
5305,SCREWS,7,5.33
Z2QA,REPAIR OR ALTERATION OF RESTORATION OF REAL PROPERTY (PUBLIC OR PRIVATE),2,5.25
H248,EQUIPMENT AND MATERIALS TESTING- VALVES,2,5.11
5130,"HAND TOOLS, POWER DRIVEN",4,5.09
3431,ELECTRIC ARC WELDING EQUIPMENT,1,5.03
2895,MISCELLANEOUS ENGINES AND COMPONENTS,3,4.86
Z2EZ,REPAIR OR ALTERATION OF OTHER INDUSTRIAL BUILDINGS,2,4.84
5325,FASTENING DEVICES,6,4.75
2815,DIESEL ENGINES AND COMPONENTS,3,4.58
R401,SUPPORT- PROFESSIONAL: PERSONAL CARE (NON-MEDICAL),1,4.52
R418,SUPPORT- PROFESSIONAL: LEGAL,1,4.52
R426,SUPPORT- PROFESSIONAL: COMMUNICATIONS,1,4.52
R497,SUPPORT- PROFESSIONAL: PERSONAL SERVICES CONTRACTS,1,4.52
R699,SUPPORT- ADMINISTRATIVE: OTHER,1,4.52
R703,SUPPORT- MANAGEMENT: ACCOUNTING,1,4.52
R704,SUPPORT- MANAGEMENT: AUDITING,1,4.52
R707,SUPPORT- MANAGEMENT: CONTRACT/PROCUREMENT/ACQUISITION SUPPORT,1,4.52
R708,SUPPORT- MANAGEMENT: PUBLIC RELATIONS,1,4.52
R710,SUPPORT- MANAGEMENT: FINANCIAL,1,4.52
U099,EDUCATION/TRAINING- OTHER,2,4.44
1270,AIRCRAFT GUNNERY FIRE CONTROL COMPONENTS,2,4.35
J019,"MAINTENANCE, REPAIR, AND REBUILDING OF EQUIPMENT- SHIPS, SMALL CRAFT, PONTOONS, AND FLOATING DOCKS",2,4.31
Y1EZ,CONSTRUCTION OF OTHER INDUSTRIAL BUILDINGS,1,4.08
Y1FB,CONSTRUCTION OF RECREATIONAL BUILDINGS,1,4.08
Y1FC,CONSTRUCTION OF TROOP HOUSING FACILITIES,1,4.08
Y1FD,CONSTRUCTION OF DINING FACILITIES,1,4.08
Y1GZ,CONSTRUCTION OF OTHER WAREHOUSE BUILDINGS,1,4.08
Y1JZ,CONSTRUCTION OF MISCELLANEOUS BUILDINGS,1,4.08
Z200,REPAIR OR ALTERATION OF STRUCTURES AND FACILITIES,1,4.08
Z2AA,REPAIR OR ALTERATION OF OFFICE BUILDINGS,1,4.08
Z2AB,REPAIR OR ALTERATION OF CONFERENCE SPACE AND FACILITIES,1,4.08
Z2AZ,REPAIR OR ALTERATION OF OTHER ADMINISTRATIVE FACILITIES AND SERVICE BUILDINGS,1,4.08
Z2CA,REPAIR OR ALTERATION OF SCHOOLS,1,4.08
Z2CZ,REPAIR OR ALTERATION OF OTHER EDUCATIONAL BUILDINGS,1,4.08
Z2EB,REPAIR OR ALTERATION OF MAINTENANCE BUILDINGS,1,4.08
Z2FB,REPAIR OR ALTERATION OF RECREATIONAL BUILDINGS,1,4.08
Z2FC,REPAIR OR ALTERATION OF TROOP HOUSING FACILITIES,1,4.08
Z2FD,REPAIR OR ALTERATION OF DINING FACILITIES,1,4.08
Z2GZ,REPAIR OR ALTERATION OF OTHER WAREHOUSE BUILDINGS,1,4.08
Z2JZ,REPAIR OR ALTERATION OF MISCELLANEOUS BUILDINGS,1,4.08
6032,FIBER OPTIC LIGHT SOURCES AND PHOTO DETECTORS,2,4.05
6695,COMBINATION AND MISCELLANEOUS INSTRUMENTS,2,4.02
3620,RUBBER AND PLASTICS WORKING MACHINERY,1,4.02
J042,"MAINTENANCE, REPAIR, AND REBUILDING OF EQUIPMENT- FIRE FIGHTING, RESCUE, AND SAFETY EQUIPMENT; ENVIRONMENTAL PROTECTION EQUIPMENT AND MATERIALS",2,3.99
6660,METEOROLOGICAL INSTRUMENTS AND APPARATUS,2,3.99
H343,INSPECTION- PUMPS AND COMPRESSORS,1,3.99
H163,"QUALITY CONTROL- ALARM, SIGNAL, AND SECURITY DETECTION SYSTEMS",2,3.99
H263,"EQUIPMENT AND MATERIALS TESTING- ALARM, SIGNAL, AND SECURITY DETECTION SYSTEMS",2,3.99
H363,"INSPECTION- ALARM, SIGNAL, AND SECURITY DETECTION SYSTEMS",2,3.99
H963,"OTHER QUALITY CONTROL, TESTING, AND INSPECTION- ALARM, SIGNAL, AND SECURITY DETECTION SYSTEMS",2,3.99
K063,"MODIFICATION OF EQUIPMENT- ALARM, SIGNAL, AND SECURITY DETECTION SYSTEMS",2,3.99
6620,ENGINE INSTRUMENTS,2,3.97
W036,LEASE OR RENTAL OF EQUIPMENT- SPECIAL INDUSTRY MACHINERY,1,3.96
W038,"LEASE OR RENTAL OF EQUIPMENT- CONSTRUCTION, MINING, EXCAVATING, AND HIGHWAY MAINTENANCE EQUIPMENT",1,3.96
W053,LEASE OR RENTAL OF EQUIPMENT- HARDWARE AND ABRASIVES,1,3.96
2020,RIGGING AND RIGGING GEAR,2,3.89
K062,MODIFICATION OF EQUIPMENT- LIGHTING FIXTURES AND LAMPS,1,3.87
4010,CHAIN AND WIRE ROPE,5,3.87
1290,MISCELLANEOUS FIRE CONTROL EQUIPMENT,2,3.87
6340,AIRCRAFT ALARM AND SIGNAL SYSTEMS,1,3.79
6655,GEOPHYSICAL INSTRUMENTS,1,3.79
H166,QUALITY CONTROL- INSTRUMENTS AND LABORATORY EQUIPMENT,1,3.79
J063,"MAINTENANCE, REPAIR, AND REBUILDING OF EQUIPMENT- ALARM, SIGNAL, AND SECURITY DETECTION SYSTEMS",1,3.79
L063,"TECHNICAL REPRESENTATIVE- ALARM, SIGNAL, AND SECURITY DETECTION SYSTEMS",1,3.79
N063,"INSTALLATION OF EQUIPMENT- ALARM, SIGNAL, AND SECURITY DETECTION SYSTEMS",1,3.79
W063,"LEASE OR RENTAL OF EQUIPMENT- ALARM, SIGNAL, AND SECURITY DETECTION SYSTEMS",1,3.79
C216,ARCHITECT AND ENGINEERING- GENERAL: MARINE ENGINEERING,2,3.76
N012,INSTALLATION OF EQUIPMENT- FIRE CONTROL EQUIPMENT,2,3.74
9390,MISCELLANEOUS FABRICATED NONMETALLIC MATERIALS,3,3.71
4240,SAFETY AND RESCUE EQUIPMENT,6,3.69
H247,"EQUIPMENT AND MATERIALS TESTING- PIPE, TUBING, HOSE, AND FITTINGS",3,3.69
L048,TECHNICAL REPRESENTATIVE- VALVES,2,3.55
H112,QUALITY CONTROL- FIRE CONTROL EQUIPMENT,1,3.54
H269,EQUIPMENT AND MATERIALS TESTING- TRAINING AIDS AND DEVICES,1,3.54
H312,INSPECTION- FIRE CONTROL EQUIPMENT,1,3.54
H369,INSPECTION- TRAINING AIDS AND DEVICES,1,3.54
H912,"OTHER QUALITY CONTROL, TESTING, AND INSPECTION- FIRE CONTROL EQUIPMENT",1,3.54
H942,"OTHER QUALITY CONTROL, TESTING, AND INSPECTION- FIRE FIGHTING, RESCUE, AND SAFETY EQUIPMENT; ENVIRONMENTAL PROTECTION EQUIPMENT AND MATERIALS",1,3.54
H969,"OTHER QUALITY CONTROL, TESTING, AND INSPECTION- TRAINING AIDS AND DEVICES",1,3.54
J012,"MAINTENANCE, REPAIR, AND REBUILDING OF EQUIPMENT- FIRE CONTROL EQUIPMENT",1,3.54
J069,"MAINTENANCE, REPAIR, AND REBUILDING OF EQUIPMENT- TRAINING AIDS AND DEVICES",1,3.54
K012,MODIFICATION OF EQUIPMENT- FIRE CONTROL EQUIPMENT,1,3.54
K069,MODIFICATION OF EQUIPMENT- TRAINING AIDS AND DEVICES,1,3.54
L012,TECHNICAL REPRESENTATIVE- FIRE CONTROL EQUIPMENT,1,3.54
L069,TECHNICAL REPRESENTATIVE- TRAINING AIDS AND DEVICES,1,3.54
N069,INSTALLATION OF EQUIPMENT- TRAINING AIDS AND DEVICES,1,3.54
W012,LEASE OR RENTAL OF EQUIPMENT- FIRE CONTROL EQUIPMENT,1,3.54
4720,HOSE AND FLEXIBLE TUBING,5,3.52
H147,"QUALITY CONTROL- PIPE, TUBING, HOSE, AND FITTINGS",2,3.5
6116,"FUEL CELL POWER UNITS, COMPONENTS, AND ACCESSORIES",2,3.46
5315,"NAILS, MACHINE KEYS, AND PINS",4,3.45
4030,"FITTINGS FOR ROPE, CABLE, AND CHAIN",3,3.37
9330,PLASTICS FABRICATED MATERIALS,3,3.36
9515,"PLATE, SHEET, STRIP, FOIL, AND LEAF",3,3.34
H320,INSPECTION- SHIP AND MARINE EQUIPMENT,2,3.32
5963,ELECTRONIC MODULES,4,3.13
5320,RIVETS,3,3.1
H948,"OTHER QUALITY CONTROL, TESTING, AND INSPECTION- VALVES",1,3.1
J048,"MAINTENANCE, REPAIR, AND REBUILDING OF EQUIPMENT- VALVES",1,3.1
3990,MISCELLANEOUS MATERIALS HANDLING EQUIPMENT,5,3.07
5419,COLLECTIVE MODULAR SUPPORT SYSTEM,1,2.93
5940,"LUGS, TERMINALS, AND TERMINAL STRIPS",3,2.86
C223,ARCHITECT AND ENGINEERING- GENERAL: MECHANICAL SYSTEMS,4,2.77
6220,ELECTRIC VEHICULAR LIGHTS AND FIXTURES,2,2.67
5110,"HAND TOOLS, EDGED, NONPOWERED",4,2.54
3408,MACHINING CENTERS AND WAY-TYPE MACHINES,2,2.51
H148,QUALITY CONTROL- VALVES,2,2.48
3443,"MECHANICAL PRESSES, POWER DRIVEN",1,2.34
6230,ELECTRIC PORTABLE AND HAND LIGHTING EQUIPMENT,1,2.21
6250,"BALLASTS, LAMPHOLDERS, AND STARTERS",1,2.21
4510,PLUMBING FIXTURES AND ACCESSORIES,3,2.18
H159,QUALITY CONTROL- ELECTRICAL AND ELECTRONIC EQUIPMENT COMPONENTS,2,2.14
3438,MISCELLANEOUS WELDING EQUIPMENT,3,2.13
1540,GLIDERS,1,2.12
2050,BUOYS,1,2.12
N019,"INSTALLATION OF EQUIPMENT- SHIPS, SMALL CRAFT, PONTOONS, AND FLOATING DOCKS",1,2.12
R430,SUPPORT- PROFESSIONAL: PHYSICAL SECURITY AND BADGING,3,2.08
9999,MISCELLANEOUS ITEMS,3,2.06
6020,FIBER OPTIC CABLE ASSEMBLIES AND HARNESSES,3,2.02
5960,ELECTRON TUBES AND ASSOCIATED HARDWARE,2,1.88
5180,"SETS, KITS, AND OUTFITS OF HAND TOOLS",3,1.83
2995,"MISCELLANEOUS ENGINE ACCESSORIES, AIRCRAFT",3,1.83
5840,"RADAR EQUIPMENT, EXCEPT AIRBORNE",2,1.75
5841,"RADAR EQUIPMENT, AIRBORNE",2,1.75
5845,UNDERWATER SOUND EQUIPMENT,2,1.75
1955,DREDGES,1,1.75
3432,ELECTRIC RESISTANCE WELDING EQUIPMENT,1,1.75
5670,"BUILDING COMPONENTS, PREFABRICATED",3,1.73
4940,MISCELLANEOUS MAINTENANCE AND REPAIR SHOP SPECIALIZED EQUIPMENT,3,1.69
K059,MODIFICATION OF EQUIPMENT- ELECTRICAL AND ELECTRONIC EQUIPMENT COMPONENTS,1,1.68
L059,TECHNICAL REPRESENTATIVE- ELECTRICAL AND ELECTRONIC EQUIPMENT COMPONENTS,1,1.68
H299,EQUIPMENT AND MATERIALS TESTING- MISCELLANEOUS,1,1.68
2540,VEHICULAR FURNITURE AND ACCESSORIES,2,1.64
H120,QUALITY CONTROL- SHIP AND MARINE EQUIPMENT,1,1.64
H220,EQUIPMENT AND MATERIALS TESTING- SHIP AND MARINE EQUIPMENT,1,1.64
H920,"OTHER QUALITY CONTROL, TESTING, AND INSPECTION- SHIP AND MARINE EQUIPMENT",1,1.64
4220,MARINE LIFESAVING AND DIVING EQUIPMENT,3,1.64
4120,AIR CONDITIONING EQUIPMENT,3,1.63
1720,AIRCRAFT LAUNCHING EQUIPMENT,2,1.63
5350,ABRASIVE MATERIALS,2,1.62
6665,HAZARD-DETECTING INSTRUMENTS AND APPARATUS,2,1.56
6080,FIBER OPTIC KITS AND SETS,2,1.55
W099,LEASE OR RENTAL OF EQUIPMENT- MISCELLANEOUS,3,1.5
1440,"LAUNCHERS, GUIDED MISSILE",2,1.48
S201,HOUSEKEEPING- CUSTODIAL JANITORIAL,1,1.48
S206,HOUSEKEEPING- GUARD,1,1.48
3424,METAL HEAT TREATING AND NON-THERMAL TREATING EQUIPMENT,2,1.47
3415,GRINDING MACHINES,2,1.47
3405,SAWS AND FILING MACHINES,1,1.46
3418,PLANERS AND SHAPERS,1,1.46
J034,"MAINTENANCE, REPAIR, AND REBUILDING OF EQUIPMENT- METALWORKING MACHINERY",1,1.46
K034,MODIFICATION OF EQUIPMENT- METALWORKING MACHINERY,1,1.46
5342,"HARDWARE, WEAPON SYSTEM",3,1.44
4130,REFRIGERATION AND AIR CONDITIONING COMPONENTS,4,1.42
3456,CUTTING AND FORMING TOOLS FOR SECONDARY METALWORKING MACHINERY,2,1.41
6140,"BATTERIES, RECHARGEABLE",4,1.39
6099,MISCELLANEOUS FIBER OPTIC COMPONENTS,2,1.36
C213,ARCHITECT AND ENGINEERING- GENERAL: INSPECTION (NON-CONSTRUCTION),3,1.34
C1FB,ARCHITECT AND ENGINEERING- CONSTRUCTION: RECREATIONAL BUILDINGS,3,1.32
1195,MISCELLANEOUS NUCLEAR ORDNANCE,1,1.3
1315,"AMMUNITION, 75MM THROUGH 125MM",1,1.3
1337,"GUIDED MISSILE AND SPACE VEHICLE EXPLOSIVE PROPULSION UNITS, SOLID FUEL; AND COMPONENTS",1,1.3
1425,"GUIDED MISSILE SYSTEMS, COMPLETE",1,1.3
1430,GUIDED MISSILE REMOTE CONTROL SYSTEMS,1,1.3
1450,GUIDED MISSILE HANDLING AND SERVICING EQUIPMENT,1,1.3
1650,"AIRCRAFT HYDRAULIC, VACUUM, AND DE-ICING SYSTEM COMPONENTS",1,1.3
3439,"MISCELLANEOUS WELDING, SOLDERING, AND BRAZING SUPPLIES AND ACCESSORIES",1,1.3
6330,RAILROAD SIGNAL AND WARNING DEVICES,1,1.3
3461,ACCESSORIES FOR SECONDARY METALWORKING MACHINERY,2,1.27
5445,PREFABRICATED TOWER STRUCTURES,2,1.27
5450,MISCELLANEOUS PREFABRICATED STRUCTURES,2,1.27
3590,MISCELLANEOUS SERVICE AND TRADE EQUIPMENT,2,1.27
Z1ED,MAINTENANCE OF SHIP CONSTRUCTION AND REPAIR FACILITIES,1,1.17
C1AZ,ARCHITECT AND ENGINEERING- CONSTRUCTION: OTHER ADMINISTRATIVE FACILITIES AND SERVICE BUILDINGS,2,1.15
C1EC,ARCHITECT AND ENGINEERING- CONSTRUCTION: PRODUCTION BUILDINGS,2,1.15
C1EZ,ARCHITECT AND ENGINEERING- CONSTRUCTION: OTHER INDUSTRIAL BUILDINGS,2,1.15
C1FZ,ARCHITECT AND ENGINEERING- CONSTRUCTION: OTHER RESIDENTIAL BUILDINGS,2,1.15
C1JZ,ARCHITECT AND ENGINEERING- CONSTRUCTION: MISCELLANEOUS BUILDINGS,2,1.15
2510,"VEHICULAR CAB, BODY, AND FRAME STRUCTURAL COMPONENTS",3,1.13
6060,FIBER OPTIC INTERCONNECTORS,2,1.12
5510,LUMBER AND RELATED BASIC WOOD MATERIALS,2,1.11
6135,"BATTERIES, NONRECHARGEABLE",3,1.07
6910,TRAINING AIDS,1,1.06
6930,OPERATION TRAINING DEVICES,1,1.06
AG21,Energy R&D  Services; Energy Conservation; Basic Research,1,1.06
AG34,Energy R&D  Services; Emergency Energy Preparedness; R&D Administrative Expenses,1,1.06
AG44,"Energy R&D  Services; Energy Information, Policy and regulation; R&D Administrative Expenses",1,1.06
AJ14,General Science and Technology R&D Services; General science and technology; R&D Administrative Expenses,1,1.06
9630,ADDITIVE METAL MATERIALS,1,1.04
J055,"MAINTENANCE, REPAIR, AND REBUILDING OF EQUIPMENT- LUMBER, MILLWORK, PLYWOOD, AND VENEER",2,1.04
K055,"MODIFICATION OF EQUIPMENT- LUMBER, MILLWORK, PLYWOOD, AND VENEER",2,1.04
3625,TEXTILE INDUSTRIES MACHINERY,1,1.03
5996,AMPLIFIERS,3,1.03
5980,OPTOELECTRONIC DEVICES AND ASSOCIATED HARDWARE,3,1.02
W037,LEASE OR RENTAL OF EQUIPMENT- AGRICULTURAL MACHINERY AND EQUIPMENT,2,1.0
W039,LEASE OR RENTAL OF EQUIPMENT- MATERIALS HANDLING EQUIPMENT,2,1.0
9535,"PLATE, SHEET, STRIP, AND FOIL; NONFERROUS BASE METAL",2,1.0
7A20,IT AND TELECOM - APPLICATION DEVELOPMENT SOFTWARE (PERPETUAL LICENSE SOFTWARE),1,0.96
7A21,IT AND TELECOM - BUSINESS APPLICATION SOFTWARE (PERPETUAL LICENSE SOFTWARE) ,1,0.96
7B20,IT AND TELECOM - HIGH PERFORMANCE COMPUTE (HARDWARE AND PERPETUAL LICENSE SOFTWARE),1,0.96
7B21,IT AND TELECOM - COMPUTE: MAINFRAME (HARDWARE AND PERPETUAL LICENSE SOFTWARE),1,0.96
7C20,IT AND TELECOM - DATA CENTER PRODUCTS (HARDWARE AND PERPETUAL LICENSE SOFTWARE),1,0.96
7C21,IT AND TELECOM - OTHER DATA CENTER FACILITIES PRODUCTS (HARDWARE AND PERPETUAL LICENSE SOFTWARE),1,0.96
7D20,IT AND TELECOM - SERVICE DELIVERY MANAGEMENT (HARDWARE AND PERPETUAL LICENSE SOFTWARE),1,0.96
7E20,"IT AND TELECOM - END USER: HELP DESK;TIER 1-2,WORKSPACE,PRINT,OUTPUT,PRODUCTIVITY TOOLS (HW/PERP SW)",1,0.96
7E21,IT AND TELECOM - MOBILE DEVICE PRODUCTS (HARDWARE AND PERPETUAL LICENSE SOFTWARE),1,0.96
7F20,IT AND TELECOM - IT MANAGEMENT TOOLS/PRODUCTS (HARDWARE AND PERPETUAL LICENSE SOFTWARE),1,0.96
7G20,IT AND TELECOM - NETWORK: ANALOG VOICE PRODUCTS (HARDWARE AND PERPETUAL LICENSE SOFTWARE),1,0.96
7G21,IT AND TELECOM - NETWORK: DIGITAL NETWORK PRODUCTS (HARDWARE AND PERPETUAL LICENSE SOFTWARE),1,0.96
7G22,IT AND TELECOM - NETWORK: SATELLITE AND RF COMMUNICATIONS PRODUCTS (HARDWARE AND PERPETUAL LICENSE SOFTWARE),1,0.96
7H20,"IT AND TELECOM - PLATFORM PRODUCTS: DATABASE, MAINFRAME, MIDDLEWARE (HARDWARE AND PERPETUAL LICENSE SOFTWARE)",1,0.96
7J20,IT AND TELECOM - SECURITY AND COMPLIANCE PRODUCTS (HARDWARE AND PERPETUAL LICENSE SOFTWARE),1,0.96
7K20,IT AND TELECOM - STORAGE PRODUCTS (HARDWARE AND PERPETUAL LICENSE SOFTWARE),1,0.96
4420,HEAT EXCHANGERS AND STEAM CONDENSERS,2,0.95
5977,ELECTRICAL CONTACT BRUSHES AND ELECTRODES,2,0.94
5410,PREFABRICATED AND PORTABLE BUILDINGS,1,0.94
6015,FIBER OPTIC CABLES,1,0.9
6070,FIBER OPTIC ACCESSORIES AND SUPPLIES,1,0.9
H260,"EQUIPMENT AND MATERIALS TESTING- FIBER OPTICS MATERIALS, COMPONENTS, ASSEMBLIES, AND ACCESSORIES",1,0.9
4020,"FIBER ROPE, CORDAGE, AND TWINE",2,0.89
3455,CUTTING TOOLS FOR MACHINE TOOLS,2,0.89
5140,TOOL AND HARDWARE BOXES,2,0.89
5210,"MEASURING TOOLS, CRAFTSMEN'S",2,0.89
8415,"CLOTHING, SPECIAL PURPOSE",1,0.86
C1QA,ARCHITECT AND ENGINEERING- CONSTRUCTION: RESTORATION OF REAL PROPERTY (PUBLIC OR PRIVATE),1,0.82
L043,TECHNICAL REPRESENTATIVE- PUMPS AND COMPRESSORS,2,0.82
H144,"QUALITY CONTROL- FURNACE, STEAM PLANT, AND DRYING EQUIPMENT; NUCLEAR REACTORS",1,0.8
H244,"EQUIPMENT AND MATERIALS TESTING- FURNACE, STEAM PLANT, AND DRYING EQUIPMENT; NUCLEAR REACTORS",1,0.8
H344,"INSPECTION- FURNACE, STEAM PLANT, AND DRYING EQUIPMENT; NUCLEAR REACTORS",1,0.8
H944,"OTHER QUALITY CONTROL, TESTING, AND INSPECTION- FURNACE, STEAM PLANT, AND DRYING EQUIPMENT; NUCLEAR REACTORS",1,0.8
J044,"MAINTENANCE, REPAIR, AND REBUILDING OF EQUIPMENT- FURNACE, STEAM PLANT, AND DRYING EQUIPMENT; NUCLEAR REACTORS",1,0.8
K044,"MODIFICATION OF EQUIPMENT- FURNACE, STEAM PLANT, AND DRYING EQUIPMENT; NUCLEAR REACTORS",1,0.8
L044,"TECHNICAL REPRESENTATIVE- FURNACE, STEAM PLANT, AND DRYING EQUIPMENT; NUCLEAR REACTORS",1,0.8
N044,"INSTALLATION OF EQUIPMENT- FURNACE, STEAM PLANT, AND DRYING EQUIPMENT; NUCLEAR REACTORS",1,0.8
2990,"MISCELLANEOUS ENGINE ACCESSORIES, NONAIRCRAFT",2,0.79
3460,MACHINE TOOL ACCESSORIES,2,0.79
N043,INSTALLATION OF EQUIPMENT- PUMPS AND COMPRESSORS,2,0.78
5630,"PIPE AND CONDUIT, NONMETALLIC",2,0.77
4310,COMPRESSORS AND VACUUM PUMPS,2,0.77
Y1PZ,CONSTRUCTION OF OTHER NON-BUILDING FACILITIES,1,0.76
5680,MISCELLANEOUS CONSTRUCTION MATERIALS,2,0.7
6830,GASES: COMPRESSED AND LIQUEFIED,1,0.7
8120,COMMERCIAL AND INDUSTRIAL GAS CYLINDERS,1,0.7
5905,RESISTORS,2,0.7
5910,CAPACITORS,2,0.7
C219,ARCHITECT AND ENGINEERING- GENERAL: OTHER,3,0.7
L036,TECHNICAL REPRESENTATIVE- SPECIAL INDUSTRY MACHINERY,2,0.69
J037,"MAINTENANCE, REPAIR, AND REBUILDING OF EQUIPMENT- AGRICULTURAL MACHINERY AND EQUIPMENT",2,0.68
5520,MILLWORK,1,0.68
5530,PLYWOOD AND VENEER,1,0.68
H355,"INSPECTION- LUMBER, MILLWORK, PLYWOOD, AND VENEER",1,0.68
L055,"TECHNICAL REPRESENTATIVE- LUMBER, MILLWORK, PLYWOOD, AND VENEER",1,0.68
N055,"INSTALLATION OF EQUIPMENT- LUMBER, MILLWORK, PLYWOOD, AND VENEER",1,0.68
W055,"LEASE OR RENTAL OF EQUIPMENT- LUMBER, MILLWORK, PLYWOOD, AND VENEER",1,0.68
H252,EQUIPMENT AND MATERIALS TESTING- MEASURING TOOLS,2,0.68
Z1NB,MAINTENANCE OF HEATING AND COOLING PLANTS,2,0.67
Z2NB,REPAIR OR ALTERATION OF HEATING AND COOLING PLANTS,2,0.67
C222,ARCHITECT AND ENGINEERING- GENERAL: ELECTRICAL SYSTEMS,3,0.65
5821,"RADIO AND TELEVISION COMMUNICATION EQUIPMENT, AIRBORNE",2,0.64
5990,SYNCHROS AND RESOLVERS,2,0.64
6030,FIBER OPTIC DEVICES,2,0.64
5955,OSCILLATORS AND PIEZOELECTRIC CRYSTALS,2,0.63
2305,GROUND EFFECT VEHICLES,1,0.63
6640,LABORATORY EQUIPMENT AND SUPPLIES,2,0.62
2940,"ENGINE AIR AND OIL FILTERS, STRAINERS, AND CLEANERS, NONAIRCRAFT",2,0.58
J045,"MAINTENANCE, REPAIR, AND REBUILDING OF EQUIPMENT- PLUMBING, HEATING, AND WASTE DISPOSAL EQUIPMENT",2,0.58
K045,"MODIFICATION OF EQUIPMENT- PLUMBING, HEATING, AND WASTE DISPOSAL EQUIPMENT",2,0.58
N045,"INSTALLATION OF EQUIPMENT- PLUMBING, HEATING, AND WASTE DISPOSAL EQUIPMENT",2,0.58
N041,"INSTALLATION OF EQUIPMENT- REFRIGERATION, AIR CONDITIONING, AND AIR CIRCULATING EQUIPMENT",2,0.54
1005,"GUNS, THROUGH 30MM",2,0.51
K043,MODIFICATION OF EQUIPMENT- PUMPS AND COMPRESSORS,1,0.51
3412,BROACHING MACHINES,1,0.5
3433,"GAS WELDING, HEAT CUTTING, AND METALIZING EQUIPMENT",1,0.5
7810,ATHLETIC AND SPORTING EQUIPMENT,1,0.5
C1BF,ARCHITECT AND ENGINEERING- CONSTRUCTION: MISSILE SYSTEM FACILITIES,2,0.5
C1CA,ARCHITECT AND ENGINEERING- CONSTRUCTION: SCHOOLS,2,0.5
C1CZ,ARCHITECT AND ENGINEERING- CONSTRUCTION: OTHER EDUCATIONAL BUILDINGS,2,0.5
C1DB,ARCHITECT AND ENGINEERING- CONSTRUCTION: LABORATORIES AND CLINICS,2,0.5
C1EA,ARCHITECT AND ENGINEERING- CONSTRUCTION: AMMUNITION FACILITIES,2,0.5
C1EB,ARCHITECT AND ENGINEERING- CONSTRUCTION: MAINTENANCE BUILDINGS,2,0.5
C1ED,ARCHITECT AND ENGINEERING- CONSTRUCTION: SHIP CONSTRUCTION AND REPAIR FACILITIES,2,0.5
C1FA,ARCHITECT AND ENGINEERING- CONSTRUCTION: FAMILY HOUSING FACILITIES,2,0.5
C1FC,ARCHITECT AND ENGINEERING- CONSTRUCTION: TROOP HOUSING FACILITIES,2,0.5
C1GA,ARCHITECT AND ENGINEERING- CONSTRUCTION: AMMUNITION STORAGE BUILDINGS,2,0.5
C1HA,ARCHITECT AND ENGINEERING- CONSTRUCTION: GOVERNMENT-OWNED CONTRACTOR-OPERATED (GOCO) R&D FACILITIES,2,0.5
C1HB,ARCHITECT AND ENGINEERING- CONSTRUCTION: GOVERNMENT-OWNED GOVERNMENT-OPERATED (GOGO) R&D FACILITIES,2,0.5
C1HC,ARCHITECT AND ENGINEERING- CONSTRUCTION: GOVERNMENT-OWNED CONTRACTOR-OPERATED (GOCO) ENVIRONMENTAL LABORATORIES,2,0.5
C1LZ,ARCHITECT AND ENGINEERING- CONSTRUCTION: PARKING FACILITIES,2,0.5
C1ND,ARCHITECT AND ENGINEERING- CONSTRUCTION: SEWAGE AND WASTE FACILITIES,2,0.5
C1NE,ARCHITECT AND ENGINEERING- CONSTRUCTION: WATER SUPPLY FACILITIES,2,0.5
C1NZ,ARCHITECT AND ENGINEERING- CONSTRUCTION: OTHER UTILITIES,2,0.5
C221,ARCHITECT AND ENGINEERING- GENERAL: PLUMBING SYSTEMS,2,0.48
H943,"OTHER QUALITY CONTROL, TESTING, AND INSPECTION- PUMPS AND COMPRESSORS",1,0.48
J036,"MAINTENANCE, REPAIR, AND REBUILDING OF EQUIPMENT- SPECIAL INDUSTRY MACHINERY",1,0.48
J049,"MAINTENANCE, REPAIR, AND REBUILDING OF EQUIPMENT- MAINTENANCE AND REPAIR SHOP EQUIPMENT",1,0.48
J038,"MAINTENANCE, REPAIR, AND REBUILDING OF EQUIPMENT- CONSTRUCTION, MINING, EXCAVATING, AND HIGHWAY MAINTENANCE EQUIPMENT",1,0.47
J039,"MAINTENANCE, REPAIR, AND REBUILDING OF EQUIPMENT- MATERIALS HANDLING EQUIPMENT",1,0.47
K039,MODIFICATION OF EQUIPMENT- MATERIALS HANDLING EQUIPMENT,1,0.47
L039,TECHNICAL REPRESENTATIVE- MATERIALS HANDLING EQUIPMENT,1,0.47
N039,INSTALLATION OF EQUIPMENT- MATERIALS HANDLING EQUIPMENT,1,0.47
1510,"AIRCRAFT, FIXED WING",1,0.46
1630,AIRCRAFT WHEEL AND BRAKE SYSTEMS,1,0.46
1640,AIRCRAFT CONTROL CABLE PRODUCTS,1,0.46
2541,WEAPONS SYSTEMS SPECIFIC VEHICULAR ACCESSORIES,1,0.46
5335,METAL SCREENING,1,0.46
5355,KNOBS AND POINTERS,1,0.46
5810,COMMUNICATIONS SECURITY EQUIPMENT AND COMPONENTS,1,0.46
5961,SEMICONDUCTOR DEVICES AND ASSOCIATED HARDWARE,1,0.46
5965,"HEADSETS, HANDSETS, MICROPHONES AND SPEAKERS",1,0.46
5985,"ANTENNAS, WAVEGUIDES, AND RELATED EQUIPMENT",1,0.46
6010,FIBER OPTIC CONDUCTORS,1,0.46
6160,"MISCELLANEOUS BATTERY RETAINING FIXTURES, LINERS AND ANCILLARY ITEMS",1,0.46
6240,ELECTRIC LAMPS,1,0.46
H160,"QUALITY CONTROL- FIBER OPTICS MATERIALS, COMPONENTS, ASSEMBLIES, AND ACCESSORIES",1,0.46
R410,SUPPORT- PROFESSIONAL: PROGRAM EVALUATION/REVIEW/DEVELOPMENT,1,0.46
7110,OFFICE FURNITURE,1,0.46
7510,OFFICE SUPPLIES,1,0.46
7520,OFFICE DEVICES AND ACCESSORIES,1,0.46
J017,"MAINTENANCE, REPAIR, AND REBUILDING OF EQUIPMENT- AIRCRAFT LAUNCHING, LANDING, AND GROUND HANDLING EQUIPMENT",1,0.46
J022,"MAINTENANCE, REPAIR, AND REBUILDING OF EQUIPMENT- RAILWAY EQUIPMENT",1,0.46
J023,"MAINTENANCE, REPAIR, AND REBUILDING OF EQUIPMENT- GROUND EFFECT VEHICLES, MOTOR VEHICLES, TRAILERS, AND CYCLES",1,0.46
J024,"MAINTENANCE, REPAIR, AND REBUILDING OF EQUIPMENT- TRACTORS",1,0.46
J025,"MAINTENANCE, REPAIR, AND REBUILDING OF EQUIPMENT- VEHICULAR EQUIPMENT COMPONENTS",1,0.46
H149,QUALITY CONTROL- MAINTENANCE AND REPAIR SHOP EQUIPMENT,1,0.46
AN33,Health R&D  Services; Consumer and occupational health and safety; Experimental Development,1,0.45
AN35,Health R&D  Services; Consumer and occupational health and safety; Expenses for R&D Facilities and Major Equipment,1,0.45
8040,ADHESIVES,2,0.45
8010,"PAINTS, DOPES, VARNISHES, AND RELATED PRODUCTS",2,0.44
3940,"BLOCKS, TACKLE, RIGGING, AND SLINGS",1,0.42
5133,"DRILL BITS, COUNTERBORES, AND COUNTERSINKS: HAND AND MACHINE",1,0.42
5136,"TAPS, DIES, AND COLLETS; HAND AND MACHINE",1,0.42
5220,INSPECTION GAGES AND PRECISION LAYOUT TOOLS,1,0.42
9150,"OILS AND GREASES: CUTTING, LUBRICATING, AND HYDRAULIC",1,0.42
K047,"MODIFICATION OF EQUIPMENT- PIPE, TUBING, HOSE, AND FITTINGS",1,0.39
6117,SOLAR ELECTRIC POWER SYSTEMS,1,0.39
AG22,Energy R&D  Services; Energy Conservation; Applied Research,1,0.39
9545,"PLATE, SHEET, STRIP, FOIL, AND WIRE: PRECIOUS METAL",1,0.37
C212,"ARCHITECT AND ENGINEERING- GENERAL: ENGINEERING DRAFTING, NOT CAD/CAM",2,0.36
8135,PACKAGING AND PACKING BULK MATERIALS,1,0.36
H155,"QUALITY CONTROL- LUMBER, MILLWORK, PLYWOOD, AND VENEER",1,0.36
H181,"QUALITY CONTROL- CONTAINERS, PACKAGING, AND PACKING SUPPLIES",1,0.36
H255,"EQUIPMENT AND MATERIALS TESTING- LUMBER, MILLWORK, PLYWOOD, AND VENEER",1,0.36
H281,"EQUIPMENT AND MATERIALS TESTING- CONTAINERS, PACKAGING, AND PACKING SUPPLIES",1,0.36
H955,"OTHER QUALITY CONTROL, TESTING, AND INSPECTION- LUMBER, MILLWORK, PLYWOOD, AND VENEER",1,0.36
L081,"TECHNICAL REPRESENTATIVE- CONTAINERS, PACKAGING, AND PACKING SUPPLIES",1,0.36
9905,"SIGNS, ADVERTISING DISPLAYS, AND IDENTIFICATION PLATES",1,0.35
5620,"TILE, BRICK AND BLOCK",1,0.35
5640,"WALLBOARD, BUILDING PAPER, AND THERMAL INSULATION MATERIALS",1,0.35
5650,ROOFING AND SIDING MATERIALS,1,0.35
5675,NONWOOD CONSTRUCTION LUMBER AND RELATED MATERIALS,1,0.35
1010,"GUNS, OVER 30MM UP TO 75MM",1,0.34
2910,"ENGINE FUEL SYSTEM COMPONENTS, NONAIRCRAFT",1,0.34
5430,STORAGE TANKS,1,0.34
C1KA,ARCHITECT AND ENGINEERING- CONSTRUCTION: DAMS,2,0.34
C1AA,ARCHITECT AND ENGINEERING- CONSTRUCTION: OFFICE BUILDINGS,1,0.33
C1AB,ARCHITECT AND ENGINEERING- CONSTRUCTION: CONFERENCE SPACE AND FACILITIES,1,0.33
C1BA,ARCHITECT AND ENGINEERING- CONSTRUCTION: AIR TRAFFIC CONTROL TOWERS,1,0.33
C1BB,ARCHITECT AND ENGINEERING- CONSTRUCTION: AIR TRAFFIC CONTROL TRAINING FACILITIES,1,0.33
C1BC,ARCHITECT AND ENGINEERING- CONSTRUCTION: RADAR AND NAVIGATIONAL FACILITIES,1,0.33
C1BD,ARCHITECT AND ENGINEERING- CONSTRUCTION: AIRPORT RUNWAYS AND TAXIWAYS,1,0.33
C1BE,ARCHITECT AND ENGINEERING- CONSTRUCTION: AIRPORT TERMINALS,1,0.33
C1BG,ARCHITECT AND ENGINEERING- CONSTRUCTION: ELECTRONIC AND COMMUNICATIONS FACILITIES,1,0.33
C1BZ,ARCHITECT AND ENGINEERING- CONSTRUCTION: OTHER AIRFIELD STRUCTURES,1,0.33
C1DA,ARCHITECT AND ENGINEERING- CONSTRUCTION: HOSPITALS AND INFIRMARIES,1,0.33
C1DZ,ARCHITECT AND ENGINEERING- CONSTRUCTION: OTHER HOSPITAL BUILDINGS,1,0.33
C1EE,ARCHITECT AND ENGINEERING- CONSTRUCTION: TANK AUTOMOTIVE FACILITIES,1,0.33
C1FD,ARCHITECT AND ENGINEERING- CONSTRUCTION: DINING FACILITIES,1,0.33
C1FE,ARCHITECT AND ENGINEERING- CONSTRUCTION: RELIGIOUS FACILITIES,1,0.33
C1FF,ARCHITECT AND ENGINEERING- CONSTRUCTION: PENAL FACILITIES,1,0.33
C1GB,ARCHITECT AND ENGINEERING- CONSTRUCTION: FOOD OR GRAIN STORAGE BUILDINGS,1,0.33
C1GC,ARCHITECT AND ENGINEERING- CONSTRUCTION: FUEL STORAGE BUILDINGS,1,0.33
C1GD,ARCHITECT AND ENGINEERING- CONSTRUCTION: OPEN STORAGE FACILITIES,1,0.33
C1GZ,ARCHITECT AND ENGINEERING- CONSTRUCTION: OTHER WAREHOUSE BUILDINGS,1,0.33
C1HZ,ARCHITECT AND ENGINEERING- CONSTRUCTION: GOVERNMENT-OWNED GOVERNMENT-OPERATED (GOGO) ENVIRONMENTAL LABORATORIES,1,0.33
C1JA,ARCHITECT AND ENGINEERING- CONSTRUCTION: MUSEUMS AND EXHIBITION BUILDINGS,1,0.33
C1JB,ARCHITECT AND ENGINEERING- CONSTRUCTION: TESTING AND MEASUREMENT BUILDINGS,1,0.33
C1KZ,ARCHITECT AND ENGINEERING- CONSTRUCTION: OTHER CONSERVATION AND DEVELOPMENT FACILITIES,1,0.33
C1NA,ARCHITECT AND ENGINEERING- CONSTRUCTION: FUEL SUPPLY FACILITIES,1,0.33
C1NB,ARCHITECT AND ENGINEERING- CONSTRUCTION: HEATING AND COOLING PLANTS,1,0.33
H141,"QUALITY CONTROL- REFRIGERATION, AIR CONDITIONING, AND AIR CIRCULATING EQUIPMENT",1,0.33
1190,"SPECIALIZED TEST AND HANDLING EQUIPMENT, NUCLEAR ORDNANCE",1,0.33
1375,DEMOLITION MATERIALS,1,0.33
1385,SURFACE USE EXPLOSIVE ORDNANCE DISPOSAL TOOLS AND EQUIPMENT,1,0.33
1398,SPECIALIZED AMMUNITION HANDLING AND SERVICING EQUIPMENT,1,0.33
1735,SPACE VEHICLE HANDLING AND SERVICING EQUIPMENT,1,0.33
3465,"PRODUCTION JIGS, FIXTURES, AND TEMPLATES",1,0.33
3685,SPECIALIZED METAL CONTAINER MANUFACTURING MACHINERY AND RELATED EQUIPMENT,1,0.33
4630,SEWAGE TREATMENT EQUIPMENT,1,0.33
4921,"TORPEDO MAINTENANCE, REPAIR, AND CHECKOUT SPECIALIZED EQUIPMENT",1,0.33
4923,"DEPTH CHARGES AND UNDERWATER MINES MAINTENANCE, REPAIR, AND CHECKOUT SPECIALIZED EQUIPMENT",1,0.33
4925,"AMMUNITION MAINTENANCE, REPAIR, AND CHECKOUT SPECIALIZED EQUIPMENT",1,0.33
4927,"ROCKET MAINTENANCE, REPAIR AND CHECKOUT SPECIALIZED EQUIPMENT",1,0.33
4930,LUBRICATION AND FUEL DISPENSING EQUIPMENT,1,0.33
4931,FIRE CONTROL MAINTENANCE AND REPAIR SHOP SPECIALIZED EQUIPMENT,1,0.33
4933,WEAPONS MAINTENANCE AND REPAIR SHOP SPECIALIZED EQUIPMENT,1,0.33
4960,"SPACE VEHICLE MAINTENANCE, REPAIR, AND CHECKOUT SPECIALIZED EQUIPMENT",1,0.33
4970,"MULTIPLE GUIDED WEAPONS, SPECIALIZED MAINTENANCE AND REPAIR SHOP EQUIPMENT",1,0.33
N059,INSTALLATION OF EQUIPMENT- ELECTRICAL AND ELECTRONIC EQUIPMENT COMPONENTS,1,0.3
4230,DECONTAMINATING AND IMPREGNATING EQUIPMENT,1,0.3
6850,MISCELLANEOUS CHEMICAL SPECIALTIES,1,0.3
H199,QUALITY CONTROL- MISCELLANEOUS,1,0.3
H341,"INSPECTION- REFRIGERATION, AIR CONDITIONING, AND AIR CIRCULATING EQUIPMENT",1,0.3
H945,"OTHER QUALITY CONTROL, TESTING, AND INSPECTION- PLUMBING, HEATING, AND WASTE DISPOSAL EQUIPMENT",1,0.3
3825,"ROAD CLEARING, CLEANING, AND MARKING EQUIPMENT",1,0.3
J047,"MAINTENANCE, REPAIR, AND REBUILDING OF EQUIPMENT- PIPE, TUBING, HOSE, AND FITTINGS",1,0.3
9320,RUBBER FABRICATED MATERIALS,1,0.3
L045,"TECHNICAL REPRESENTATIVE- PLUMBING, HEATING, AND WASTE DISPOSAL EQUIPMENT",1,0.28
6810,CHEMICALS,1,0.27
6710,"CAMERAS, MOTION PICTURE",1,0.27
H152,QUALITY CONTROL- MEASURING TOOLS,1,0.25
H352,INSPECTION- MEASURING TOOLS,1,0.25
H952,"OTHER QUALITY CONTROL, TESTING, AND INSPECTION- MEASURING TOOLS",1,0.25
J052,"MAINTENANCE, REPAIR, AND REBUILDING OF EQUIPMENT- MEASURING TOOLS",1,0.25
K052,MODIFICATION OF EQUIPMENT- MEASURING TOOLS,1,0.25
8340,TENTS AND TARPAULINS,1,0.24
3510,LAUNDRY AND DRY CLEANING EQUIPMENT,1,0.23
4110,REFRIGERATION EQUIPMENT,1,0.23
J035,"MAINTENANCE, REPAIR, AND REBUILDING OF EQUIPMENT- SERVICE AND TRADE EQUIPMENT",1,0.23
J041,"MAINTENANCE, REPAIR, AND REBUILDING OF EQUIPMENT- REFRIGERATION, AIR CONDITIONING, AND AIR CIRCULATING EQUIPMENT",1,0.23
J073,"MAINTENANCE, REPAIR, AND REBUILDING OF EQUIPMENT- FOOD PREPARATION AND SERVING EQUIPMENT",1,0.23
L001,TECHNICAL REPRESENTATIVE,1,0.23
L020,TECHNICAL REPRESENTATIVE- SHIP AND MARINE EQUIPMENT,1,0.23
L035,TECHNICAL REPRESENTATIVE- SERVICE AND TRADE EQUIPMENT,1,0.23
L041,"TECHNICAL REPRESENTATIVE- REFRIGERATION, AIR CONDITIONING, AND AIR CIRCULATING EQUIPMENT",1,0.23
L073,TECHNICAL REPRESENTATIVE- FOOD PREPARATION AND SERVING EQUIPMENT,1,0.23
N035,INSTALLATION OF EQUIPMENT- SERVICE AND TRADE EQUIPMENT,1,0.23
N073,INSTALLATION OF EQUIPMENT- FOOD PREPARATION AND SERVING EQUIPMENT,1,0.23
H947,"OTHER QUALITY CONTROL, TESTING, AND INSPECTION- PIPE, TUBING, HOSE, AND FITTINGS",1,0.23
L047,"TECHNICAL REPRESENTATIVE- PIPE, TUBING, HOSE, AND FITTINGS",1,0.23
2805,"GASOLINE RECIPROCATING ENGINES, EXCEPT AIRCRAFT; AND COMPONENTS",1,0.21
K037,MODIFICATION OF EQUIPMENT- AGRICULTURAL MACHINERY AND EQUIPMENT,1,0.21
6350,"MISCELLANEOUS ALARM, SIGNAL, AND SECURITY DETECTION SYSTEMS",1,0.19
AB22,Community and Regional Development R&D  Services; Area and regional development; Applied Research,1,0.19
AB23,Community and Regional Development R&D  Services; Area and regional development; Experimental Development,1,0.19
AB25,Community and Regional Development R&D  Services; Area and regional development; Expenses for R&D Facilities and Major Equipment,1,0.19
B546,SPECIAL STUDIES/ANALYSIS- SECURITY (PHYSICAL/PERSONAL),1,0.19
B549,SPECIAL STUDIES/ANALYSIS- FOREIGN/NATIONAL SECURITY POLICY,1,0.19
C200,ARCHITECT AND ENGINEERING- GENERAL,1,0.19
C211,"ARCHITECT AND ENGINEERING- GENERAL: LANDSCAPING, INTERIOR LAYOUT, AND DESIGNING",1,0.19
C214,ARCHITECT AND ENGINEERING- GENERAL: MANAGEMENT ENGINEERING,1,0.19
C215,ARCHITECT AND ENGINEERING- GENERAL: PRODUCTION ENGINEERING,1,0.19
C220,ARCHITECT AND ENGINEERING- GENERAL: STRUCTURAL ENGINEERING,1,0.19
U014,EDUCATION/TRAINING- SECURITY,1,0.19
5820,"RADIO AND TELEVISION COMMUNICATION EQUIPMENT, EXCEPT AIRBORNE",1,0.18
5825,"RADIO NAVIGATION EQUIPMENT, EXCEPT AIRBORNE",1,0.18
5826,"RADIO NAVIGATION EQUIPMENT, AIRBORNE",1,0.18
5850,VISIBLE AND INVISIBLE LIGHT COMMUNICATION EQUIPMENT,1,0.18
5865,"ELECTRONIC COUNTERMEASURES, COUNTER-COUNTERMEASURES AND QUICK REACTION CAPABILITY EQUIPMENT",1,0.18
6610,FLIGHT INSTRUMENTS,1,0.18
6615,AUTOMATIC PILOT MECHANISMS AND AIRBORNE GYRO COMPONENTS,1,0.18
6645,TIME MEASURING INSTRUMENTS,1,0.18
H254,EQUIPMENT AND MATERIALS TESTING- PREFABRICATED STRUCTURES  AND SCAFFOLDING,1,0.17
H354,INSPECTION- PREFABRICATED STRUCTURES  AND SCAFFOLDING,1,0.17
N054,INSTALLATION OF EQUIPMENT- PREFABRICATED STRUCTURES  AND SCAFFOLDING,1,0.17
W054,LEASE OR RENTAL OF EQUIPMENT- PREFABRICATED STRUCTURES  AND SCAFFOLDING,1,0.17
B502,SPECIAL STUDIES/ANALYSIS- AIR QUALITY,1,0.17
B504,SPECIAL STUDIES/ANALYSIS- CHEMICAL/BIOLOGICAL,1,0.17
B509,SPECIAL STUDIES/ANALYSIS- ENDANGERED SPECIES: PLANT/ANIMAL,1,0.17
B517,SPECIAL STUDIES/ANALYSIS- GEOLOGICAL,1,0.17
B518,SPECIAL STUDIES/ANALYSIS- GEOPHYSICAL,1,0.17
B519,SPECIAL STUDIES/ANALYSIS- GEOTECHNICAL,1,0.17
B528,SPECIAL STUDIES/ANALYSIS- REGULATORY,1,0.17
B533,SPECIAL STUDIES/ANALYSIS- WATER QUALITY,1,0.17
B534,SPECIAL STUDIES/ANALYSIS- WILDLIFE,1,0.17
C1KB,ARCHITECT AND ENGINEERING- CONSTRUCTION: CANALS,1,0.17
3436,WELDING POSITIONERS AND MANIPULATORS,1,0.17
5836,VIDEO RECORDING AND REPRODUCING EQUIPMENT,1,0.17
7490,MISCELLANEOUS OFFICE MACHINES,1,0.17
C1PD,ARCHITECT AND ENGINEERING- CONSTRUCTION: WASTE TREATMENT AND STORAGE FACILITIES,1,0.17
1660,"AIRCRAFT AIR CONDITIONING, HEATING, AND PRESSURIZING EQUIPMENT",1,0.16
4460,AIR PURIFICATION EQUIPMENT,1,0.16
9650,NONFERROUS BASE METAL REFINERY AND INTERMEDIATE FORMS,1,0.16
